-- Generated by SQLUtility 2009-7-25 23:17:21--
Print 'transaction started'
Print ''
USE [mkgps]
GO
BEGIN TRANSACTION SUN_DATA_IMPORT_TRANS
GO

Print 'starting import AlertTypeDic (5 records)'
SET IDENTITY_INSERT [AlertTypeDic] ON
INSERT INTO [AlertTypeDic] ([AlertTypeID],[AlertTypeName],[description],[imagePath],[voicePath]) VALUES(1,'超速报警','','user_images/AlertTypeDic/1245569401140.gif',NULL)
INSERT INTO [AlertTypeDic] ([AlertTypeID],[AlertTypeName],[description],[imagePath],[voicePath]) VALUES(2,'疲劳驾驶报警','','user_images/AlertTypeDic/1245569410062.gif',NULL)
INSERT INTO [AlertTypeDic] ([AlertTypeID],[AlertTypeName],[description],[imagePath],[voicePath]) VALUES(3,'进入限制区域报警','','user_images/AlertTypeDic/1245569401140.gif',NULL)
INSERT INTO [AlertTypeDic] ([AlertTypeID],[AlertTypeName],[description],[imagePath],[voicePath]) VALUES(4,'求救报警','','user_images/AlertTypeDic/1245569401140.gif',NULL)
INSERT INTO [AlertTypeDic] ([AlertTypeID],[AlertTypeName],[description],[imagePath],[voicePath]) VALUES(5,'其他报警','','user_images/AlertTypeDic/1245569401140.gif',NULL)
SET IDENTITY_INSERT [AlertTypeDic] OFF

Print 'starting import organization (4 records)'
SET IDENTITY_INSERT [organization] ON
INSERT INTO [organization] ([organizationID],[organizationState],[name],[description],[creationDate]) VALUES(1,1,'平台管理部门下属车队','平台管理部门下属车队','2009-5-28 0:00:00')
INSERT INTO [organization] ([organizationID],[organizationState],[name],[description],[creationDate]) VALUES(2,1,'昆明汽车公司',NULL,'2009-6-19 15:20:01')
INSERT INTO [organization] ([organizationID],[organizationState],[name],[description],[creationDate]) VALUES(3,1,'昆明货运公司',NULL,'2009-6-19 15:20:16')
INSERT INTO [organization] ([organizationID],[organizationState],[name],[description],[creationDate]) VALUES(4,1,'昆明福乾龙公司',NULL,'2009-6-22 11:15:13')
SET IDENTITY_INSERT [organization] OFF

Print 'starting import users (2 records)'
SET IDENTITY_INSERT [users] ON
INSERT INTO [users] ([userID],[loginName],[passwd],[realName],[description],[registerDate],[lastLoginDate],[lastLoginIP],[userState],[organizationID]) VALUES(1,'admin','111111','平台管理员','平台管理员','2009-5-28 0:00:00','2009-7-25 23:15:09','127.0.0.1',1,1)
INSERT INTO [users] ([userID],[loginName],[passwd],[realName],[description],[registerDate],[lastLoginDate],[lastLoginIP],[userState],[organizationID]) VALUES(2,'coderrr','111111','刘元元','','2009-5-28 0:00:00','2009-7-25 23:15:09','127.0.0.1',1,2)
SET IDENTITY_INSERT [users] OFF

Print 'starting import driver (3 records)'
SET IDENTITY_INSERT [driver] ON
INSERT INTO [driver] ([driverID],[name],[drivingLicenceType],[tel],[annualCheckState],[certificateNumber],[certificateDue],[dangerousCertLevel],[dangerousCertDue],[driverState],[ownerID]) VALUES(1,'刘驾驾',3,'12345678',NULL,'云驾-12345678','2011-6-19 0:00:00','12345678','2011-6-19 0:00:00',1,2)
INSERT INTO [driver] ([driverID],[name],[drivingLicenceType],[tel],[annualCheckState],[certificateNumber],[certificateDue],[dangerousCertLevel],[dangerousCertDue],[driverState],[ownerID]) VALUES(2,'王驾驾',2,'23456789',NULL,'云驾-23456789','2019-6-19 0:00:00','23456789','2019-6-19 0:00:00',1,2)
INSERT INTO [driver] ([driverID],[name],[drivingLicenceType],[tel],[annualCheckState],[certificateNumber],[certificateDue],[dangerousCertLevel],[dangerousCertDue],[driverState],[ownerID]) VALUES(3,'谭驾驾',1,'34567890',NULL,'云驾-34567890','2012-6-30 0:00:00','34567890','2012-6-30 0:00:00',1,2)
SET IDENTITY_INSERT [driver] OFF

Print 'starting import escorter (3 records)'
SET IDENTITY_INSERT [escorter] ON
INSERT INTO [escorter] ([escorterID],[tel],[name],[certificateNumber],[certificateDue],[escorterState],[ownerID]) VALUES(1,'12345678','刘押押','云押-12345678','2009-6-19 0:00:00',1,2)
INSERT INTO [escorter] ([escorterID],[tel],[name],[certificateNumber],[certificateDue],[escorterState],[ownerID]) VALUES(2,'23456789','王押押','云押-23456789','2012-6-15 0:00:00',1,2)
INSERT INTO [escorter] ([escorterID],[tel],[name],[certificateNumber],[certificateDue],[escorterState],[ownerID]) VALUES(3,'98765432','谭押押','云押-98765432','2015-6-25 0:00:00',1,2)
SET IDENTITY_INSERT [escorter] OFF

Print 'starting import vehicleTypeDic (2 records)'
SET IDENTITY_INSERT [vehicleTypeDic] ON
INSERT INTO [vehicleTypeDic] ([vehicleTypeID],[vehicleTypeName],[description],[stateTag]) VALUES(1,'油罐车',NULL,0)
INSERT INTO [vehicleTypeDic] ([vehicleTypeID],[vehicleTypeName],[description],[stateTag]) VALUES(2,'搅拌车',NULL,0)
SET IDENTITY_INSERT [vehicleTypeDic] OFF

Print 'starting import regionTypeDic (4 records)'
SET IDENTITY_INSERT [regionTypeDic] ON
INSERT INTO [regionTypeDic] ([regionTypeID],[regionTypeName],[description],[stateTag]) VALUES(1,'峡谷','危险峡谷',2)
INSERT INTO [regionTypeDic] ([regionTypeID],[regionTypeName],[description],[stateTag]) VALUES(2,'河流','危险河流',2)
INSERT INTO [regionTypeDic] ([regionTypeID],[regionTypeName],[description],[stateTag]) VALUES(3,'加油站','',1)
INSERT INTO [regionTypeDic] ([regionTypeID],[regionTypeName],[description],[stateTag]) VALUES(4,'宾馆','',1)
SET IDENTITY_INSERT [regionTypeDic] OFF

Print 'starting import region (2 records)'
SET IDENTITY_INSERT [region] ON
INSERT INTO [region] ([regionID],[name],[description],[centralLong],[centralLat],[radius],[edgeLong],[edgeLat],[figurType],[regionTypeID]) VALUES(1,'中石化大板桥加油站','',102.937774658203,25.0308614103904,NULL,NULL,NULL,NULL,3)
INSERT INTO [region] ([regionID],[name],[description],[centralLong],[centralLat],[radius],[edgeLong],[edgeLat],[figurType],[regionTypeID]) VALUES(2,'杨宗海','',103.027038574219,24.8571573745784,NULL,102.975540161133,24.9617826978966,NULL,2)
SET IDENTITY_INSERT [region] OFF

Print 'starting import role (8 records)'
SET IDENTITY_INSERT [role] ON
INSERT INTO [role] ([roleName],[roleID],[description]) VALUES('平台管理员',1,'平台管理员')
INSERT INTO [role] ([roleName],[roleID],[description]) VALUES('企业管理员',2,'企业管理员')
INSERT INTO [role] ([roleName],[roleID],[description]) VALUES('规则管理员',3,'规则管理员')
INSERT INTO [role] ([roleName],[roleID],[description]) VALUES('查询调度员',4,'查询调度员')
INSERT INTO [role] ([roleName],[roleID],[description]) VALUES('其他运输企业管理者',10,'其他运输企业管理者')
INSERT INTO [role] ([roleName],[roleID],[description]) VALUES('车辆所有者',11,'车辆所有者')
INSERT INTO [role] ([roleName],[roleID],[description]) VALUES('监管用户',12,'监管用户')
INSERT INTO [role] ([roleName],[roleID],[description]) VALUES('禁用用户',-1,'禁用用户')
SET IDENTITY_INSERT [role] OFF

Print 'starting import rules (2 records)'
SET IDENTITY_INSERT [rules] ON
INSERT INTO [rules] ([ruleID],[ruleName],[intParam1],[timeParam],[opType],[ruleType],[ruleState],[AlertTypeID]) VALUES(1,'疲劳驾驶',8,NULL,1,3,1,2)
INSERT INTO [rules] ([ruleID],[ruleName],[intParam1],[timeParam],[opType],[ruleType],[ruleState],[AlertTypeID]) VALUES(2,'限制区域',1,NULL,1,2,-1,3)
SET IDENTITY_INSERT [rules] OFF


Print 'starting import userRole (2 records)'
SET IDENTITY_INSERT [userRole] ON
INSERT INTO [userRole] ([ID],[userID],[roleID]) VALUES(1,1,1)
INSERT INTO [userRole] ([ID],[userID],[roleID]) VALUES(2,2,2)
SET IDENTITY_INSERT [userRole] OFF

Print 'starting import vehicle (18 records)'
SET IDENTITY_INSERT [vehicle] ON
INSERT INTO [vehicle] ([vehicleID],[deviceID],[licensPadNumber],[internalNumber],[engineNumber],[frameNumber],[modelNumber],[capability],[registerDate],[approvalDate],[annualCheckState],[secondMaintainDate],[assetBaseValue],[userID],[simCardNo],[vehicleState],[vehicleTypeID]) VALUES(1,'13629615974','云A54642','k0001','1','1','1',1,'2009-6-22 0:00:00','2009-6-17 0:00:00',1,'2009-6-27 0:00:00',50000,2,'13629615974',-1,1)
INSERT INTO [vehicle] ([vehicleID],[deviceID],[licensPadNumber],[internalNumber],[engineNumber],[frameNumber],[modelNumber],[capability],[registerDate],[approvalDate],[annualCheckState],[secondMaintainDate],[assetBaseValue],[userID],[simCardNo],[vehicleState],[vehicleTypeID]) VALUES(2,'13678742734','云A67966','k0003','3','3','3',3,'2009-6-22 0:00:00','2009-6-17 0:00:00',1,'2009-6-27 0:00:00',50000,2,'13678742734',1,2)
INSERT INTO [vehicle] ([vehicleID],[deviceID],[licensPadNumber],[internalNumber],[engineNumber],[frameNumber],[modelNumber],[capability],[registerDate],[approvalDate],[annualCheckState],[secondMaintainDate],[assetBaseValue],[userID],[simCardNo],[vehicleState],[vehicleTypeID]) VALUES(3,'13678741394','云A61318','k0004','4','4','4',4,'2009-6-22 0:00:00','2009-6-22 0:00:00',1,'2009-6-22 0:00:00',50000,2,'13678741394',1,1)
INSERT INTO [vehicle] ([vehicleID],[deviceID],[licensPadNumber],[internalNumber],[engineNumber],[frameNumber],[modelNumber],[capability],[registerDate],[approvalDate],[annualCheckState],[secondMaintainDate],[assetBaseValue],[userID],[simCardNo],[vehicleState],[vehicleTypeID]) VALUES(4,'13629624134','云A67902','k0006','6','6','6',6,'2009-6-22 0:00:00','2009-6-22 0:00:00',1,'2009-6-22 0:00:00',50000,2,'13629624134',1,2)
INSERT INTO [vehicle] ([vehicleID],[deviceID],[licensPadNumber],[internalNumber],[engineNumber],[frameNumber],[modelNumber],[capability],[registerDate],[approvalDate],[annualCheckState],[secondMaintainDate],[assetBaseValue],[userID],[simCardNo],[vehicleState],[vehicleTypeID]) VALUES(5,'13678741361','云A67911','k0010','10','10','10',10,'2009-6-22 0:00:00','2009-6-22 0:00:00',1,'2009-6-22 0:00:00',50000,2,'13678741361',1,1)
INSERT INTO [vehicle] ([vehicleID],[deviceID],[licensPadNumber],[internalNumber],[engineNumber],[frameNumber],[modelNumber],[capability],[registerDate],[approvalDate],[annualCheckState],[secondMaintainDate],[assetBaseValue],[userID],[simCardNo],[vehicleState],[vehicleTypeID]) VALUES(6,'K0008','云A009MK','8','','','',10,'2009-7-6 9:35:42','2009-7-6 0:00:00',1,'2010-7-6 0:00:00',NULL,2,'13678741702',-1,1)
INSERT INTO [vehicle] ([vehicleID],[deviceID],[licensPadNumber],[internalNumber],[engineNumber],[frameNumber],[modelNumber],[capability],[registerDate],[approvalDate],[annualCheckState],[secondMaintainDate],[assetBaseValue],[userID],[simCardNo],[vehicleState],[vehicleTypeID]) VALUES(7,'K0009','云APN117','9','','','',10,'2009-7-6 9:37:30','2009-7-6 0:00:00',1,'2010-7-6 0:00:00',NULL,2,'13678741104',-1,1)
INSERT INTO [vehicle] ([vehicleID],[deviceID],[licensPadNumber],[internalNumber],[engineNumber],[frameNumber],[modelNumber],[capability],[registerDate],[approvalDate],[annualCheckState],[secondMaintainDate],[assetBaseValue],[userID],[simCardNo],[vehicleState],[vehicleTypeID]) VALUES(8,'K0010','云A67911','10','','','',10,'2009-7-6 9:38:29','2009-7-6 0:00:00',2,'2010-7-6 0:00:00',NULL,2,'13678741361',-1,1)
INSERT INTO [vehicle] ([vehicleID],[deviceID],[licensPadNumber],[internalNumber],[engineNumber],[frameNumber],[modelNumber],[capability],[registerDate],[approvalDate],[annualCheckState],[secondMaintainDate],[assetBaseValue],[userID],[simCardNo],[vehicleState],[vehicleTypeID]) VALUES(9,'13629624134','云A67902','6','','','',10,'2009-7-7 10:29:57','2009-6-18 0:00:00',1,'2010-7-6 0:00:00',NULL,2,'13629624134',-1,1)
INSERT INTO [vehicle] ([vehicleID],[deviceID],[licensPadNumber],[internalNumber],[engineNumber],[frameNumber],[modelNumber],[capability],[registerDate],[approvalDate],[annualCheckState],[secondMaintainDate],[assetBaseValue],[userID],[simCardNo],[vehicleState],[vehicleTypeID]) VALUES(14,'13629615974','云A54642','K0001','','','',5,'2009-7-9 0:00:00','2009-7-9 0:00:00',1,'2010-7-22 0:00:00',NULL,2,'13629615974',-1,1)
INSERT INTO [vehicle] ([vehicleID],[deviceID],[licensPadNumber],[internalNumber],[engineNumber],[frameNumber],[modelNumber],[capability],[registerDate],[approvalDate],[annualCheckState],[secondMaintainDate],[assetBaseValue],[userID],[simCardNo],[vehicleState],[vehicleTypeID]) VALUES(10,'13678742537','云A67599','K0002','','','',10,'2009-7-7 10:33:21','2009-6-14 0:00:00',1,'2009-7-7 0:00:00',NULL,2,'13678742537',1,1)
INSERT INTO [vehicle] ([vehicleID],[deviceID],[licensPadNumber],[internalNumber],[engineNumber],[frameNumber],[modelNumber],[capability],[registerDate],[approvalDate],[annualCheckState],[secondMaintainDate],[assetBaseValue],[userID],[simCardNo],[vehicleState],[vehicleTypeID]) VALUES(11,'13629624641','云A001MK','K0005','','','',10,'2009-7-7 10:36:16','2009-7-7 0:00:00',1,'2010-7-7 0:00:00',NULL,2,'13629624641',-1,1)
INSERT INTO [vehicle] ([vehicleID],[deviceID],[licensPadNumber],[internalNumber],[engineNumber],[frameNumber],[modelNumber],[capability],[registerDate],[approvalDate],[annualCheckState],[secondMaintainDate],[assetBaseValue],[userID],[simCardNo],[vehicleState],[vehicleTypeID]) VALUES(12,'13678741702','云A009MK','K0008','','','',10,'2009-7-7 10:37:51','2009-6-30 0:00:00',1,'2010-7-7 0:00:00',NULL,2,'13678741702',1,1)
INSERT INTO [vehicle] ([vehicleID],[deviceID],[licensPadNumber],[internalNumber],[engineNumber],[frameNumber],[modelNumber],[capability],[registerDate],[approvalDate],[annualCheckState],[secondMaintainDate],[assetBaseValue],[userID],[simCardNo],[vehicleState],[vehicleTypeID]) VALUES(15,'13629615974','云A54642','K0001','','','',10,'2009-7-9 11:10:08','2009-7-9 0:00:00',1,'2010-8-18 0:00:00',NULL,2,'13629615974',1,1)
INSERT INTO [vehicle] ([vehicleID],[deviceID],[licensPadNumber],[internalNumber],[engineNumber],[frameNumber],[modelNumber],[capability],[registerDate],[approvalDate],[annualCheckState],[secondMaintainDate],[assetBaseValue],[userID],[simCardNo],[vehicleState],[vehicleTypeID]) VALUES(16,'13629624641','云A001MK','K0005','','','',10,'2009-7-9 13:19:07','2009-7-9 0:00:00',1,'2010-7-1 0:00:00',NULL,2,'13629624641',1,1)
INSERT INTO [vehicle] ([vehicleID],[deviceID],[licensPadNumber],[internalNumber],[engineNumber],[frameNumber],[modelNumber],[capability],[registerDate],[approvalDate],[annualCheckState],[secondMaintainDate],[assetBaseValue],[userID],[simCardNo],[vehicleState],[vehicleTypeID]) VALUES(13,'13678741104','云APN117','K0009','','','',5,'2009-7-9 9:55:35','2009-7-9 0:00:00',1,'2009-7-9 0:00:00',NULL,2,'13678741104',1,1)
INSERT INTO [vehicle] ([vehicleID],[deviceID],[licensPadNumber],[internalNumber],[engineNumber],[frameNumber],[modelNumber],[capability],[registerDate],[approvalDate],[annualCheckState],[secondMaintainDate],[assetBaseValue],[userID],[simCardNo],[vehicleState],[vehicleTypeID]) VALUES(17,'13629650712','云AHA983','k0011','','','',10,'2009-7-24 11:48:00',NULL,1,NULL,NULL,2,'13629650712',1,1)
INSERT INTO [vehicle] ([vehicleID],[deviceID],[licensPadNumber],[internalNumber],[engineNumber],[frameNumber],[modelNumber],[capability],[registerDate],[approvalDate],[annualCheckState],[secondMaintainDate],[assetBaseValue],[userID],[simCardNo],[vehicleState],[vehicleTypeID]) VALUES(18,'13529211754','云AfM360','k0007','','','',10,'2009-7-24 15:13:48','2009-7-24 0:00:00',1,'2010-8-26 0:00:00',NULL,2,'13529211754',1,1)
SET IDENTITY_INSERT [vehicle] OFF

Print 'starting import stateHelper (18 records)'
INSERT INTO [stateHelper] ([lastMessage],[lastUpdate],[lastUpdateType],[lastStopTime],[startRuningTime],[vehicleID]) VALUES('2009-7-25 23:20:07','2009-7-25 23:20:08',NULL,NULL,NULL,1)
INSERT INTO [stateHelper] ([lastMessage],[lastUpdate],[lastUpdateType],[lastStopTime],[startRuningTime],[vehicleID]) VALUES('2009-7-25 23:20:08','2009-7-25 23:20:10',NULL,NULL,NULL,2)
INSERT INTO [stateHelper] ([lastMessage],[lastUpdate],[lastUpdateType],[lastStopTime],[startRuningTime],[vehicleID]) VALUES('2009-7-25 23:19:37','2009-7-25 23:19:38',NULL,'2009-7-25 22:12:46','2009-7-25 22:09:01',3)
INSERT INTO [stateHelper] ([lastMessage],[lastUpdate],[lastUpdateType],[lastStopTime],[startRuningTime],[vehicleID]) VALUES('2009-7-25 23:19:38','2009-7-25 23:19:39',NULL,'2009-7-25 22:17:46','2009-7-25 22:14:25',4)
INSERT INTO [stateHelper] ([lastMessage],[lastUpdate],[lastUpdateType],[lastStopTime],[startRuningTime],[vehicleID]) VALUES('2009-7-25 23:20:05','2009-7-25 23:20:07',NULL,'2009-7-25 14:57:28','2009-7-25 14:54:21',5)
INSERT INTO [stateHelper] ([lastMessage],[lastUpdate],[lastUpdateType],[lastStopTime],[startRuningTime],[vehicleID]) VALUES(NULL,NULL,NULL,NULL,NULL,6)
INSERT INTO [stateHelper] ([lastMessage],[lastUpdate],[lastUpdateType],[lastStopTime],[startRuningTime],[vehicleID]) VALUES(NULL,NULL,NULL,NULL,NULL,7)
INSERT INTO [stateHelper] ([lastMessage],[lastUpdate],[lastUpdateType],[lastStopTime],[startRuningTime],[vehicleID]) VALUES(NULL,NULL,NULL,NULL,NULL,8)
INSERT INTO [stateHelper] ([lastMessage],[lastUpdate],[lastUpdateType],[lastStopTime],[startRuningTime],[vehicleID]) VALUES('2009-7-8 11:13:05','2009-7-8 11:13:05',NULL,'2009-7-7 11:03:45','2009-7-8 11:13:05',9)
INSERT INTO [stateHelper] ([lastMessage],[lastUpdate],[lastUpdateType],[lastStopTime],[startRuningTime],[vehicleID]) VALUES(NULL,NULL,NULL,NULL,NULL,14)
INSERT INTO [stateHelper] ([lastMessage],[lastUpdate],[lastUpdateType],[lastStopTime],[startRuningTime],[vehicleID]) VALUES('2009-7-25 23:20:32','2009-7-25 23:20:33',NULL,'2009-7-25 22:26:47','2009-7-25 22:23:23',10)
INSERT INTO [stateHelper] ([lastMessage],[lastUpdate],[lastUpdateType],[lastStopTime],[startRuningTime],[vehicleID]) VALUES('2009-7-25 11:51:28','2009-7-25 11:51:29',NULL,'2009-7-25 10:24:17','2009-7-25 11:51:29',11)
INSERT INTO [stateHelper] ([lastMessage],[lastUpdate],[lastUpdateType],[lastStopTime],[startRuningTime],[vehicleID]) VALUES('2009-7-25 21:37:03','2009-7-25 21:37:04',NULL,'2009-7-25 19:41:36','2009-7-25 21:37:04',12)
INSERT INTO [stateHelper] ([lastMessage],[lastUpdate],[lastUpdateType],[lastStopTime],[startRuningTime],[vehicleID]) VALUES(NULL,NULL,NULL,NULL,NULL,15)
INSERT INTO [stateHelper] ([lastMessage],[lastUpdate],[lastUpdateType],[lastStopTime],[startRuningTime],[vehicleID]) VALUES(NULL,NULL,NULL,NULL,NULL,16)
INSERT INTO [stateHelper] ([lastMessage],[lastUpdate],[lastUpdateType],[lastStopTime],[startRuningTime],[vehicleID]) VALUES('2009-7-24 14:22:09','2009-7-24 14:22:09',NULL,'2009-7-24 13:07:45','2009-7-24 14:22:09',13)
INSERT INTO [stateHelper] ([lastMessage],[lastUpdate],[lastUpdateType],[lastStopTime],[startRuningTime],[vehicleID]) VALUES('2009-7-25 23:20:34','2009-7-25 23:20:36',NULL,'2009-7-24 16:57:58','2009-7-24 16:57:23',17)
INSERT INTO [stateHelper] ([lastMessage],[lastUpdate],[lastUpdateType],[lastStopTime],[startRuningTime],[vehicleID]) VALUES('2009-7-25 0:05:55','2009-7-25 0:05:56',NULL,'2009-7-24 23:15:59','2009-7-24 17:06:18',18)

Print 'starting import vehicleStatus (18 records)'
INSERT INTO [vehicleStatus] ([currentLong],[currentLat],[licensPadNumber],[isRunning],[isOnline],[isAskHelp],[limitAreaAlarm],[overSpeed],[taskID],[tireDrive],[currentSpeed],[vehicleID]) VALUES(102.61209,24.9954233333,'云A54642',2,1,0,0,0,NULL,0,0,1)
INSERT INTO [vehicleStatus] ([currentLong],[currentLat],[licensPadNumber],[isRunning],[isOnline],[isAskHelp],[limitAreaAlarm],[overSpeed],[taskID],[tireDrive],[currentSpeed],[vehicleID]) VALUES(102.6129116667,24.9950783333,'云A67966',2,1,0,0,0,NULL,0,0,2)
INSERT INTO [vehicleStatus] ([currentLong],[currentLat],[licensPadNumber],[isRunning],[isOnline],[isAskHelp],[limitAreaAlarm],[overSpeed],[taskID],[tireDrive],[currentSpeed],[vehicleID]) VALUES(102.36754,24.93063,'云A61318',2,1,0,0,0,NULL,1,0,3)
INSERT INTO [vehicleStatus] ([currentLong],[currentLat],[licensPadNumber],[isRunning],[isOnline],[isAskHelp],[limitAreaAlarm],[overSpeed],[taskID],[tireDrive],[currentSpeed],[vehicleID]) VALUES(102.3674183333,24.9311533333,'云A67902',2,1,0,0,0,NULL,1,0,4)
INSERT INTO [vehicleStatus] ([currentLong],[currentLat],[licensPadNumber],[isRunning],[isOnline],[isAskHelp],[limitAreaAlarm],[overSpeed],[taskID],[tireDrive],[currentSpeed],[vehicleID]) VALUES(102.612575,24.995475,'云A67911',2,1,0,0,0,NULL,1,0,5)
INSERT INTO [vehicleStatus] ([currentLong],[currentLat],[licensPadNumber],[isRunning],[isOnline],[isAskHelp],[limitAreaAlarm],[overSpeed],[taskID],[tireDrive],[currentSpeed],[vehicleID]) VALUES(NULL,NULL,'云A009MK',0,0,0,0,0,NULL,0,NULL,6)
INSERT INTO [vehicleStatus] ([currentLong],[currentLat],[licensPadNumber],[isRunning],[isOnline],[isAskHelp],[limitAreaAlarm],[overSpeed],[taskID],[tireDrive],[currentSpeed],[vehicleID]) VALUES(NULL,NULL,'云APN117',0,0,0,0,0,NULL,0,NULL,7)
INSERT INTO [vehicleStatus] ([currentLong],[currentLat],[licensPadNumber],[isRunning],[isOnline],[isAskHelp],[limitAreaAlarm],[overSpeed],[taskID],[tireDrive],[currentSpeed],[vehicleID]) VALUES(NULL,NULL,'云A67911',0,0,0,0,0,NULL,0,NULL,8)
INSERT INTO [vehicleStatus] ([currentLong],[currentLat],[licensPadNumber],[isRunning],[isOnline],[isAskHelp],[limitAreaAlarm],[overSpeed],[taskID],[tireDrive],[currentSpeed],[vehicleID]) VALUES(103.517965,23.8661666667,'云A67902',2,2,0,0,0,NULL,1,51.1,9)
INSERT INTO [vehicleStatus] ([currentLong],[currentLat],[licensPadNumber],[isRunning],[isOnline],[isAskHelp],[limitAreaAlarm],[overSpeed],[taskID],[tireDrive],[currentSpeed],[vehicleID]) VALUES(NULL,NULL,'云A64642',0,0,0,0,0,NULL,0,NULL,14)
INSERT INTO [vehicleStatus] ([currentLong],[currentLat],[licensPadNumber],[isRunning],[isOnline],[isAskHelp],[limitAreaAlarm],[overSpeed],[taskID],[tireDrive],[currentSpeed],[vehicleID]) VALUES(103.350305,24.0072583333,'云A67599',2,1,0,0,0,NULL,1,0,10)
INSERT INTO [vehicleStatus] ([currentLong],[currentLat],[licensPadNumber],[isRunning],[isOnline],[isAskHelp],[limitAreaAlarm],[overSpeed],[taskID],[tireDrive],[currentSpeed],[vehicleID]) VALUES(102.6565116667,25.0403516667,'云A001MK',2,2,0,0,0,NULL,1,10.1,11)
INSERT INTO [vehicleStatus] ([currentLong],[currentLat],[licensPadNumber],[isRunning],[isOnline],[isAskHelp],[limitAreaAlarm],[overSpeed],[taskID],[tireDrive],[currentSpeed],[vehicleID]) VALUES(102.65684,25.0402533333,'云A009MK',2,2,0,0,0,NULL,1,26.8,12)
INSERT INTO [vehicleStatus] ([currentLong],[currentLat],[licensPadNumber],[isRunning],[isOnline],[isAskHelp],[limitAreaAlarm],[overSpeed],[taskID],[tireDrive],[currentSpeed],[vehicleID]) VALUES(NULL,NULL,'云A54642',0,0,0,0,0,NULL,0,NULL,15)
INSERT INTO [vehicleStatus] ([currentLong],[currentLat],[licensPadNumber],[isRunning],[isOnline],[isAskHelp],[limitAreaAlarm],[overSpeed],[taskID],[tireDrive],[currentSpeed],[vehicleID]) VALUES(NULL,NULL,'云A001MK',0,0,0,0,0,NULL,0,NULL,16)
INSERT INTO [vehicleStatus] ([currentLong],[currentLat],[licensPadNumber],[isRunning],[isOnline],[isAskHelp],[limitAreaAlarm],[overSpeed],[taskID],[tireDrive],[currentSpeed],[vehicleID]) VALUES(103.401705,24.51045,'云APN117',2,2,0,0,0,NULL,1,55.9,13)
INSERT INTO [vehicleStatus] ([currentLong],[currentLat],[licensPadNumber],[isRunning],[isOnline],[isAskHelp],[limitAreaAlarm],[overSpeed],[taskID],[tireDrive],[currentSpeed],[vehicleID]) VALUES(102.73012,24.976145,'云AHA983',2,1,0,0,0,NULL,1,0,17)
INSERT INTO [vehicleStatus] ([currentLong],[currentLat],[licensPadNumber],[isRunning],[isOnline],[isAskHelp],[limitAreaAlarm],[overSpeed],[taskID],[tireDrive],[currentSpeed],[vehicleID]) VALUES(102.631845,25.023055,'云AfM360',2,2,0,0,0,NULL,1,0,18)

Print 'transaction finished'

COMMIT TRANSACTION SUN_DATA_IMPORT_TRANS
GO
