-- Generated by SQLUtility 2010-3-8 21:53:00--
Print 'transaction started'
Print ''
USE [mkgps1]
GO
BEGIN TRANSACTION SUN_DATA_IMPORT_TRANS
GO

Print 'starting import AlertTypeDic (7 records)'
SET IDENTITY_INSERT [AlertTypeDic] ON
INSERT INTO [AlertTypeDic] ([AlertTypeID],[AlertTypeName],[description],[imagePath],[voicePath]) VALUES(1,'超速报警','','user_images/AlertTypeDic/1245569401140.gif',NULL)
INSERT INTO [AlertTypeDic] ([AlertTypeID],[AlertTypeName],[description],[imagePath],[voicePath]) VALUES(2,'疲劳驾驶报警','','user_images/AlertTypeDic/1245569410062.gif',NULL)
INSERT INTO [AlertTypeDic] ([AlertTypeID],[AlertTypeName],[description],[imagePath],[voicePath]) VALUES(3,'进入限制区域报警','','user_images/AlertTypeDic/1245569401140.gif',NULL)
INSERT INTO [AlertTypeDic] ([AlertTypeID],[AlertTypeName],[description],[imagePath],[voicePath]) VALUES(4,'求救报警','','user_images/AlertTypeDic/1245569401140.gif',NULL)
INSERT INTO [AlertTypeDic] ([AlertTypeID],[AlertTypeName],[description],[imagePath],[voicePath]) VALUES(5,'其他报警','','user_images/AlertTypeDic/1245569401140.gif',NULL)
INSERT INTO [AlertTypeDic] ([AlertTypeID],[AlertTypeName],[description],[imagePath],[voicePath]) VALUES(6,'异常定位数据','','user_images/AlertTypeDic/1245569401140.gif',NULL)
INSERT INTO [AlertTypeDic] ([AlertTypeID],[AlertTypeName],[description],[imagePath],[voicePath]) VALUES(7,'异常频繁回传',NULL,'user_images/AlertTypeDic/1245569401140.gif',NULL)
SET IDENTITY_INSERT [AlertTypeDic] OFF

Print 'starting import organization (2 records)'
SET IDENTITY_INSERT [organization] ON
INSERT INTO [organization] ([organizationID],[organizationState],[name],[description],[creationDate]) VALUES(1,1,'昆明默克商贸有限公司','平台管理部门下属车队','2009-5-28 0:00:00')
INSERT INTO [organization] ([organizationID],[organizationState],[name],[description],[creationDate]) VALUES(2,1,'昆明福乾龙科技有限公司',NULL,'2009-6-22 11:15:13')
SET IDENTITY_INSERT [organization] OFF

Print 'starting import users (106 records)'
SET IDENTITY_INSERT [users] ON
INSERT INTO [users] ([userID],[loginName],[passwd],[realName],[description],[registerDate],[lastLoginDate],[lastLoginIP],[userState],[organizationID],[tel]) VALUES(1,'admin','111111','平台管理员','平台管理员','2009-5-28 0:00:00','2010-3-7 21:35:18','220.163.61.102',1,NULL,NULL)
INSERT INTO [users] ([userID],[loginName],[passwd],[realName],[description],[registerDate],[lastLoginDate],[lastLoginIP],[userState],[organizationID],[tel]) VALUES(2,'coderrr','111111','刘元元','','2009-5-28 0:00:00','2009-7-25 23:15:09','127.0.0.1',1,2,NULL)
INSERT INTO [users] ([userID],[loginName],[passwd],[realName],[description],[registerDate],[lastLoginDate],[lastLoginIP],[userState],[organizationID],[tel]) VALUES(3,'云A67966','123456','云A67966','','2009-8-1 9:24:35',NULL,NULL,-1,1,NULL)
INSERT INTO [users] ([userID],[loginName],[passwd],[realName],[description],[registerDate],[lastLoginDate],[lastLoginIP],[userState],[organizationID],[tel]) VALUES(4,'云A67902','123456','云A67902','','2009-8-3 3:35:47','2009-8-3 3:36:55','222.172.175.190',-1,1,NULL)
INSERT INTO [users] ([userID],[loginName],[passwd],[realName],[description],[registerDate],[lastLoginDate],[lastLoginIP],[userState],[organizationID],[tel]) VALUES(5,'云A45185','123456','云A45185','','2009-8-3 15:59:53',NULL,NULL,-1,1,NULL)
INSERT INTO [users] ([userID],[loginName],[passwd],[realName],[description],[registerDate],[lastLoginDate],[lastLoginIP],[userState],[organizationID],[tel]) VALUES(6,'云A54642','123456','云A54642','','2009-8-4 11:44:00','2009-8-4 11:45:05','116.54.80.25',-1,1,NULL)
INSERT INTO [users] ([userID],[loginName],[passwd],[realName],[description],[registerDate],[lastLoginDate],[lastLoginIP],[userState],[organizationID],[tel]) VALUES(7,'云A67966','123456','云A67966','','2009-8-4 11:47:06',NULL,NULL,-1,1,NULL)
INSERT INTO [users] ([userID],[loginName],[passwd],[realName],[description],[registerDate],[lastLoginDate],[lastLoginIP],[userState],[organizationID],[tel]) VALUES(8,'云A61318','123456','云A61318','','2009-8-4 11:47:57',NULL,NULL,-1,1,NULL)
INSERT INTO [users] ([userID],[loginName],[passwd],[realName],[description],[registerDate],[lastLoginDate],[lastLoginIP],[userState],[organizationID],[tel]) VALUES(9,'云A001MK','123456','云A001MK','','2009-8-4 11:49:09',NULL,NULL,-1,1,NULL)
INSERT INTO [users] ([userID],[loginName],[passwd],[realName],[description],[registerDate],[lastLoginDate],[lastLoginIP],[userState],[organizationID],[tel]) VALUES(10,'云A009MK','123456','云A009MK','','2009-8-4 11:49:26',NULL,NULL,-1,1,NULL)
INSERT INTO [users] ([userID],[loginName],[passwd],[realName],[description],[registerDate],[lastLoginDate],[lastLoginIP],[userState],[organizationID],[tel]) VALUES(11,'云APN117','123456','云APN117','','2009-8-4 11:49:50',NULL,NULL,-1,1,NULL)
INSERT INTO [users] ([userID],[loginName],[passwd],[realName],[description],[registerDate],[lastLoginDate],[lastLoginIP],[userState],[organizationID],[tel]) VALUES(12,'云A67911','123456','云A67911','','2009-8-4 11:50:25',NULL,NULL,-1,1,NULL)
INSERT INTO [users] ([userID],[loginName],[passwd],[realName],[description],[registerDate],[lastLoginDate],[lastLoginIP],[userState],[organizationID],[tel]) VALUES(13,'云A67599','123456','云A67599','','2009-8-4 11:56:39',NULL,NULL,-1,1,NULL)
INSERT INTO [users] ([userID],[loginName],[passwd],[realName],[description],[registerDate],[lastLoginDate],[lastLoginIP],[userState],[organizationID],[tel]) VALUES(14,'云AFM360','123456','云AFM360','','2009-8-4 12:01:15',NULL,NULL,-1,1,NULL)
INSERT INTO [users] ([userID],[loginName],[passwd],[realName],[description],[registerDate],[lastLoginDate],[lastLoginIP],[userState],[organizationID],[tel]) VALUES(15,'云AHA983','123456','云AHA983','','2009-8-4 12:04:29',NULL,NULL,-1,1,NULL)
INSERT INTO [users] ([userID],[loginName],[passwd],[realName],[description],[registerDate],[lastLoginDate],[lastLoginIP],[userState],[organizationID],[tel]) VALUES(22,'云A46055','123456','云A46055','','2009-8-5 10:19:41',NULL,NULL,-1,1,NULL)
INSERT INTO [users] ([userID],[loginName],[passwd],[realName],[description],[registerDate],[lastLoginDate],[lastLoginIP],[userState],[organizationID],[tel]) VALUES(24,'云A47265','123456','云A47265','','2009-8-5 10:20:30',NULL,NULL,-1,1,NULL)
INSERT INTO [users] ([userID],[loginName],[passwd],[realName],[description],[registerDate],[lastLoginDate],[lastLoginIP],[userState],[organizationID],[tel]) VALUES(25,'云A52745','123456','云A52745','','2009-8-5 10:23:43',NULL,NULL,-1,1,NULL)
INSERT INTO [users] ([userID],[loginName],[passwd],[realName],[description],[registerDate],[lastLoginDate],[lastLoginIP],[userState],[organizationID],[tel]) VALUES(27,'云ANW336','123456','云ANW336','','2009-8-5 10:24:40',NULL,NULL,-1,1,NULL)
INSERT INTO [users] ([userID],[loginName],[passwd],[realName],[description],[registerDate],[lastLoginDate],[lastLoginIP],[userState],[organizationID],[tel]) VALUES(16,'云A48447','123456','云A48447','','2009-8-5 10:09:11','2009-8-5 10:29:21','116.54.80.25',-1,1,NULL)
INSERT INTO [users] ([userID],[loginName],[passwd],[realName],[description],[registerDate],[lastLoginDate],[lastLoginIP],[userState],[organizationID],[tel]) VALUES(17,'云A41694','123456','云A41694','','2009-8-5 10:10:44',NULL,NULL,-1,1,NULL)
INSERT INTO [users] ([userID],[loginName],[passwd],[realName],[description],[registerDate],[lastLoginDate],[lastLoginIP],[userState],[organizationID],[tel]) VALUES(19,'云ASM161','123456','云ASM161','','2009-8-5 10:11:26',NULL,NULL,-1,1,NULL)
INSERT INTO [users] ([userID],[loginName],[passwd],[realName],[description],[registerDate],[lastLoginDate],[lastLoginIP],[userState],[organizationID],[tel]) VALUES(21,'云A78029','123456','云A78029','','2009-8-5 10:19:20',NULL,NULL,-1,1,NULL)
INSERT INTO [users] ([userID],[loginName],[passwd],[realName],[description],[registerDate],[lastLoginDate],[lastLoginIP],[userState],[organizationID],[tel]) VALUES(28,'云A45170','123456','云A45170','','2009-8-6 15:02:14',NULL,NULL,-1,1,NULL)
INSERT INTO [users] ([userID],[loginName],[passwd],[realName],[description],[registerDate],[lastLoginDate],[lastLoginIP],[userState],[organizationID],[tel]) VALUES(18,'云A47077','123456','云A47077','','2009-8-5 10:11:04',NULL,NULL,-1,1,NULL)
INSERT INTO [users] ([userID],[loginName],[passwd],[realName],[description],[registerDate],[lastLoginDate],[lastLoginIP],[userState],[organizationID],[tel]) VALUES(20,'云A50451','123456','云A50451','','2009-8-5 10:11:50',NULL,NULL,-1,1,NULL)
INSERT INTO [users] ([userID],[loginName],[passwd],[realName],[description],[registerDate],[lastLoginDate],[lastLoginIP],[userState],[organizationID],[tel]) VALUES(23,'云A44971','123456','云A44971','','2009-8-5 10:20:08',NULL,NULL,-1,1,NULL)
INSERT INTO [users] ([userID],[loginName],[passwd],[realName],[description],[registerDate],[lastLoginDate],[lastLoginIP],[userState],[organizationID],[tel]) VALUES(26,'云ACA875','123456','云ACA875','','2009-8-5 10:24:08',NULL,NULL,-1,1,NULL)
INSERT INTO [users] ([userID],[loginName],[passwd],[realName],[description],[registerDate],[lastLoginDate],[lastLoginIP],[userState],[organizationID],[tel]) VALUES(29,'云A45170','123456','云A45170','','2009-8-6 15:16:01',NULL,NULL,-1,1,NULL)
INSERT INTO [users] ([userID],[loginName],[passwd],[realName],[description],[registerDate],[lastLoginDate],[lastLoginIP],[userState],[organizationID],[tel]) VALUES(30,'云A42724','123456','云A42724','','2009-8-7 14:55:38',NULL,NULL,-1,1,NULL)
INSERT INTO [users] ([userID],[loginName],[passwd],[realName],[description],[registerDate],[lastLoginDate],[lastLoginIP],[userState],[organizationID],[tel]) VALUES(31,'云A65273','123456','云A65273','','2009-8-7 15:01:27',NULL,NULL,-1,1,NULL)
INSERT INTO [users] ([userID],[loginName],[passwd],[realName],[description],[registerDate],[lastLoginDate],[lastLoginIP],[userState],[organizationID],[tel]) VALUES(32,'云A66353','123456','云A66353','','2009-8-7 15:06:59',NULL,NULL,-1,1,NULL)
INSERT INTO [users] ([userID],[loginName],[passwd],[realName],[description],[registerDate],[lastLoginDate],[lastLoginIP],[userState],[organizationID],[tel]) VALUES(33,'云A44871','123456','云A44871','','2009-8-7 15:13:48',NULL,NULL,-1,1,NULL)
INSERT INTO [users] ([userID],[loginName],[passwd],[realName],[description],[registerDate],[lastLoginDate],[lastLoginIP],[userState],[organizationID],[tel]) VALUES(39,'云A45307','123456','云A45307','','2009-8-10 9:25:52',NULL,NULL,-1,1,NULL)
INSERT INTO [users] ([userID],[loginName],[passwd],[realName],[description],[registerDate],[lastLoginDate],[lastLoginIP],[userState],[organizationID],[tel]) VALUES(40,'云A45695','123456','云A45695','','2009-8-10 9:32:28',NULL,NULL,-1,1,NULL)
INSERT INTO [users] ([userID],[loginName],[passwd],[realName],[description],[registerDate],[lastLoginDate],[lastLoginIP],[userState],[organizationID],[tel]) VALUES(41,'云A53298','123456','云A53298','','2009-8-10 11:27:40',NULL,NULL,-1,1,NULL)
INSERT INTO [users] ([userID],[loginName],[passwd],[realName],[description],[registerDate],[lastLoginDate],[lastLoginIP],[userState],[organizationID],[tel]) VALUES(42,'云A53872','123456','云A53872','','2009-8-10 16:27:46',NULL,NULL,-1,1,NULL)
INSERT INTO [users] ([userID],[loginName],[passwd],[realName],[description],[registerDate],[lastLoginDate],[lastLoginIP],[userState],[organizationID],[tel]) VALUES(34,'云A55454','123456','云A55454','','2009-8-7 15:21:50',NULL,NULL,-1,1,NULL)
INSERT INTO [users] ([userID],[loginName],[passwd],[realName],[description],[registerDate],[lastLoginDate],[lastLoginIP],[userState],[organizationID],[tel]) VALUES(35,'云A53467','123456','云A53467','','2009-8-7 15:24:56',NULL,NULL,-1,1,NULL)
INSERT INTO [users] ([userID],[loginName],[passwd],[realName],[description],[registerDate],[lastLoginDate],[lastLoginIP],[userState],[organizationID],[tel]) VALUES(36,'云A78189','123456','云A78189','','2009-8-7 15:31:01',NULL,NULL,-1,1,NULL)
INSERT INTO [users] ([userID],[loginName],[passwd],[realName],[description],[registerDate],[lastLoginDate],[lastLoginIP],[userState],[organizationID],[tel]) VALUES(37,'云A65953','123456','云A65953','','2009-8-7 15:35:00',NULL,NULL,-1,1,NULL)
INSERT INTO [users] ([userID],[loginName],[passwd],[realName],[description],[registerDate],[lastLoginDate],[lastLoginIP],[userState],[organizationID],[tel]) VALUES(38,'云A69537','123456','云A69537','','2009-8-7 15:37:45',NULL,NULL,-1,1,NULL)
INSERT INTO [users] ([userID],[loginName],[passwd],[realName],[description],[registerDate],[lastLoginDate],[lastLoginIP],[userState],[organizationID],[tel]) VALUES(48,'rule_watcher','123456','监管','测试','2009-8-11 21:46:54','2010-3-8 14:36:20','112.115.179.235',1,NULL,NULL)
INSERT INTO [users] ([userID],[loginName],[passwd],[realName],[description],[registerDate],[lastLoginDate],[lastLoginIP],[userState],[organizationID],[tel]) VALUES(50,'云A46932','123456','云A46932','','2009-8-12 16:05:47','2009-8-15 10:58:50','61.166.207.206',-1,1,NULL)
INSERT INTO [users] ([userID],[loginName],[passwd],[realName],[description],[registerDate],[lastLoginDate],[lastLoginIP],[userState],[organizationID],[tel]) VALUES(51,'云A57055','123456','云A57055','','2009-8-18 10:30:23',NULL,NULL,-1,1,NULL)
INSERT INTO [users] ([userID],[loginName],[passwd],[realName],[description],[registerDate],[lastLoginDate],[lastLoginIP],[userState],[organizationID],[tel]) VALUES(52,'云A1Q618','123456','云A1Q618','','2009-8-18 14:20:39',NULL,NULL,-1,1,NULL)
INSERT INTO [users] ([userID],[loginName],[passwd],[realName],[description],[registerDate],[lastLoginDate],[lastLoginIP],[userState],[organizationID],[tel]) VALUES(53,'云A50630','123456','云A50630','','2009-8-20 10:09:17',NULL,NULL,-1,1,NULL)
INSERT INTO [users] ([userID],[loginName],[passwd],[realName],[description],[registerDate],[lastLoginDate],[lastLoginIP],[userState],[organizationID],[tel]) VALUES(54,'董亮','123456','董亮','','2009-8-21 20:27:32','2009-9-1 17:59:54','116.52.2.210',1,2,NULL)
INSERT INTO [users] ([userID],[loginName],[passwd],[realName],[description],[registerDate],[lastLoginDate],[lastLoginIP],[userState],[organizationID],[tel]) VALUES(55,'姜敏','123456','姜敏','','2009-8-21 21:10:32',NULL,NULL,1,2,NULL)
INSERT INTO [users] ([userID],[loginName],[passwd],[realName],[description],[registerDate],[lastLoginDate],[lastLoginIP],[userState],[organizationID],[tel]) VALUES(56,'云A45684','123456','云A45684','','2009-8-24 13:21:18',NULL,NULL,-1,1,NULL)
INSERT INTO [users] ([userID],[loginName],[passwd],[realName],[description],[registerDate],[lastLoginDate],[lastLoginIP],[userState],[organizationID],[tel]) VALUES(57,'袁新受','123456','袁新受','','2009-8-28 17:58:29',NULL,NULL,1,1,NULL)
INSERT INTO [users] ([userID],[loginName],[passwd],[realName],[description],[registerDate],[lastLoginDate],[lastLoginIP],[userState],[organizationID],[tel]) VALUES(58,'黄祉涵','123456','黄祉涵','','2009-9-1 11:04:09','2009-9-1 23:49:01','116.52.125.103',1,1,NULL)
INSERT INTO [users] ([userID],[loginName],[passwd],[realName],[description],[registerDate],[lastLoginDate],[lastLoginIP],[userState],[organizationID],[tel]) VALUES(59,'郑明春','123456','郑明春','','2009-9-1 11:09:16',NULL,NULL,1,1,NULL)
INSERT INTO [users] ([userID],[loginName],[passwd],[realName],[description],[registerDate],[lastLoginDate],[lastLoginIP],[userState],[organizationID],[tel]) VALUES(60,'董长生','123456','董长生','','2009-9-1 11:11:25',NULL,NULL,1,1,NULL)
INSERT INTO [users] ([userID],[loginName],[passwd],[realName],[description],[registerDate],[lastLoginDate],[lastLoginIP],[userState],[organizationID],[tel]) VALUES(61,'陈英贵','123456','陈英贵','','2009-9-1 11:12:00',NULL,NULL,1,1,NULL)
INSERT INTO [users] ([userID],[loginName],[passwd],[realName],[description],[registerDate],[lastLoginDate],[lastLoginIP],[userState],[organizationID],[tel]) VALUES(62,'徐春富','123456','徐春富','','2009-9-1 11:12:38',NULL,NULL,1,1,NULL)
INSERT INTO [users] ([userID],[loginName],[passwd],[realName],[description],[registerDate],[lastLoginDate],[lastLoginIP],[userState],[organizationID],[tel]) VALUES(63,'陈长春','123456','陈长春','','2009-9-1 11:13:06',NULL,NULL,1,1,NULL)
INSERT INTO [users] ([userID],[loginName],[passwd],[realName],[description],[registerDate],[lastLoginDate],[lastLoginIP],[userState],[organizationID],[tel]) VALUES(64,'张加奎','123456','张加奎','','2009-9-1 11:13:26',NULL,NULL,1,1,NULL)
INSERT INTO [users] ([userID],[loginName],[passwd],[realName],[description],[registerDate],[lastLoginDate],[lastLoginIP],[userState],[organizationID],[tel]) VALUES(65,'何学跃','123456','何学跃','','2009-9-1 11:13:46',NULL,NULL,1,1,NULL)
INSERT INTO [users] ([userID],[loginName],[passwd],[realName],[description],[registerDate],[lastLoginDate],[lastLoginIP],[userState],[organizationID],[tel]) VALUES(66,'郭金猛','123456','郭金猛','','2009-9-1 11:14:10',NULL,NULL,1,1,NULL)
INSERT INTO [users] ([userID],[loginName],[passwd],[realName],[description],[registerDate],[lastLoginDate],[lastLoginIP],[userState],[organizationID],[tel]) VALUES(67,'杨树','123456','杨树','','2009-9-1 11:14:36',NULL,NULL,1,1,NULL)
INSERT INTO [users] ([userID],[loginName],[passwd],[realName],[description],[registerDate],[lastLoginDate],[lastLoginIP],[userState],[organizationID],[tel]) VALUES(68,'江勤华','123456','江勤华','','2009-9-1 11:15:14',NULL,NULL,1,1,NULL)
INSERT INTO [users] ([userID],[loginName],[passwd],[realName],[description],[registerDate],[lastLoginDate],[lastLoginIP],[userState],[organizationID],[tel]) VALUES(69,'牛丽秋','123456','牛丽秋','','2009-9-1 11:15:43',NULL,NULL,1,1,NULL)
INSERT INTO [users] ([userID],[loginName],[passwd],[realName],[description],[registerDate],[lastLoginDate],[lastLoginIP],[userState],[organizationID],[tel]) VALUES(70,'陈云贵','123456','陈云贵','','2009-9-1 11:16:20',NULL,NULL,1,1,NULL)
INSERT INTO [users] ([userID],[loginName],[passwd],[realName],[description],[registerDate],[lastLoginDate],[lastLoginIP],[userState],[organizationID],[tel]) VALUES(71,'梁绍银','123456','梁绍银','','2009-9-1 11:17:49',NULL,NULL,1,1,NULL)
INSERT INTO [users] ([userID],[loginName],[passwd],[realName],[description],[registerDate],[lastLoginDate],[lastLoginIP],[userState],[organizationID],[tel]) VALUES(72,'王大尉','123456','王大尉','','2009-9-1 11:18:29',NULL,NULL,1,1,NULL)
INSERT INTO [users] ([userID],[loginName],[passwd],[realName],[description],[registerDate],[lastLoginDate],[lastLoginIP],[userState],[organizationID],[tel]) VALUES(73,'张剑','123456','张剑','','2009-9-1 11:18:52',NULL,NULL,1,1,NULL)
INSERT INTO [users] ([userID],[loginName],[passwd],[realName],[description],[registerDate],[lastLoginDate],[lastLoginIP],[userState],[organizationID],[tel]) VALUES(74,'王万杰','123456','王万杰','','2009-9-1 11:19:16',NULL,NULL,1,1,NULL)
INSERT INTO [users] ([userID],[loginName],[passwd],[realName],[description],[registerDate],[lastLoginDate],[lastLoginIP],[userState],[organizationID],[tel]) VALUES(75,'陈学明','123456','陈学明','','2009-9-1 11:19:50',NULL,NULL,1,1,NULL)
INSERT INTO [users] ([userID],[loginName],[passwd],[realName],[description],[registerDate],[lastLoginDate],[lastLoginIP],[userState],[organizationID],[tel]) VALUES(76,'何飞','123456','何飞','','2009-9-1 17:50:44',NULL,NULL,1,1,NULL)
INSERT INTO [users] ([userID],[loginName],[passwd],[realName],[description],[registerDate],[lastLoginDate],[lastLoginIP],[userState],[organizationID],[tel]) VALUES(77,'葛玉祥','123456','葛玉祥','','2009-9-1 17:51:15',NULL,NULL,1,1,NULL)
INSERT INTO [users] ([userID],[loginName],[passwd],[realName],[description],[registerDate],[lastLoginDate],[lastLoginIP],[userState],[organizationID],[tel]) VALUES(78,'乔建品','123456','乔建品','','2009-9-1 17:51:53',NULL,NULL,1,1,NULL)
INSERT INTO [users] ([userID],[loginName],[passwd],[realName],[description],[registerDate],[lastLoginDate],[lastLoginIP],[userState],[organizationID],[tel]) VALUES(79,'陈江华','123456','陈江华','','2009-9-1 17:52:13',NULL,NULL,1,1,NULL)
INSERT INTO [users] ([userID],[loginName],[passwd],[realName],[description],[registerDate],[lastLoginDate],[lastLoginIP],[userState],[organizationID],[tel]) VALUES(80,'唐云峰','123456','唐云峰','','2009-9-1 17:52:41',NULL,NULL,1,1,NULL)
INSERT INTO [users] ([userID],[loginName],[passwd],[realName],[description],[registerDate],[lastLoginDate],[lastLoginIP],[userState],[organizationID],[tel]) VALUES(81,'张正清','123456','张正清','','2009-9-1 17:53:35',NULL,NULL,1,1,NULL)
INSERT INTO [users] ([userID],[loginName],[passwd],[realName],[description],[registerDate],[lastLoginDate],[lastLoginIP],[userState],[organizationID],[tel]) VALUES(82,'王朝西','123456','王朝西','','2009-9-1 17:54:10',NULL,NULL,1,1,NULL)
INSERT INTO [users] ([userID],[loginName],[passwd],[realName],[description],[registerDate],[lastLoginDate],[lastLoginIP],[userState],[organizationID],[tel]) VALUES(83,'杨留明','123456','杨留明','','2009-9-1 17:55:03',NULL,NULL,1,1,NULL)
INSERT INTO [users] ([userID],[loginName],[passwd],[realName],[description],[registerDate],[lastLoginDate],[lastLoginIP],[userState],[organizationID],[tel]) VALUES(85,'杨洪宇','123456','杨洪宇','','2009-9-1 17:56:00',NULL,NULL,1,1,NULL)
INSERT INTO [users] ([userID],[loginName],[passwd],[realName],[description],[registerDate],[lastLoginDate],[lastLoginIP],[userState],[organizationID],[tel]) VALUES(86,'代黎祥','123456','代黎祥','','2009-9-1 17:56:48',NULL,NULL,1,1,NULL)
INSERT INTO [users] ([userID],[loginName],[passwd],[realName],[description],[registerDate],[lastLoginDate],[lastLoginIP],[userState],[organizationID],[tel]) VALUES(87,'刘文山','123456','刘文山','','2009-9-1 17:57:07',NULL,NULL,1,1,NULL)
INSERT INTO [users] ([userID],[loginName],[passwd],[realName],[description],[registerDate],[lastLoginDate],[lastLoginIP],[userState],[organizationID],[tel]) VALUES(88,'张锡云','123456','张锡云','','2009-9-1 17:57:41',NULL,NULL,1,1,NULL)
INSERT INTO [users] ([userID],[loginName],[passwd],[realName],[description],[registerDate],[lastLoginDate],[lastLoginIP],[userState],[organizationID],[tel]) VALUES(89,'董亮','123456','董亮','','2009-9-1 17:59:16',NULL,NULL,-1,2,NULL)
INSERT INTO [users] ([userID],[loginName],[passwd],[realName],[description],[registerDate],[lastLoginDate],[lastLoginIP],[userState],[organizationID],[tel]) VALUES(90,'彭文斌','123456','彭文斌','','2009-9-11 13:27:51',NULL,NULL,1,1,NULL)
INSERT INTO [users] ([userID],[loginName],[passwd],[realName],[description],[registerDate],[lastLoginDate],[lastLoginIP],[userState],[organizationID],[tel]) VALUES(91,'张进波','123456','张进波','','2009-9-11 13:28:18',NULL,NULL,1,1,NULL)
INSERT INTO [users] ([userID],[loginName],[passwd],[realName],[description],[registerDate],[lastLoginDate],[lastLoginIP],[userState],[organizationID],[tel]) VALUES(84,'潘永贵','123456','潘永贵','','2009-9-1 17:55:33',NULL,NULL,1,1,NULL)
INSERT INTO [users] ([userID],[loginName],[passwd],[realName],[description],[registerDate],[lastLoginDate],[lastLoginIP],[userState],[organizationID],[tel]) VALUES(92,'杨俊宇','123456','杨俊宇','','2009-9-14 10:52:54',NULL,NULL,1,1,NULL)
INSERT INTO [users] ([userID],[loginName],[passwd],[realName],[description],[registerDate],[lastLoginDate],[lastLoginIP],[userState],[organizationID],[tel]) VALUES(93,'宋跃平','123456','宋跃平','','2009-9-14 10:53:16',NULL,NULL,1,1,NULL)
INSERT INTO [users] ([userID],[loginName],[passwd],[realName],[description],[registerDate],[lastLoginDate],[lastLoginIP],[userState],[organizationID],[tel]) VALUES(94,'董亮1','123456','董亮','','2009-10-10 16:49:41',NULL,NULL,1,1,NULL)
INSERT INTO [users] ([userID],[loginName],[passwd],[realName],[description],[registerDate],[lastLoginDate],[lastLoginIP],[userState],[organizationID],[tel]) VALUES(95,'云A47238','123456','云A47238','','2009-10-12 11:13:24',NULL,NULL,-1,1,NULL)
INSERT INTO [users] ([userID],[loginName],[passwd],[realName],[description],[registerDate],[lastLoginDate],[lastLoginIP],[userState],[organizationID],[tel]) VALUES(96,'云A48318','123456','云A48318','','2009-10-12 11:18:36',NULL,NULL,-1,1,NULL)
INSERT INTO [users] ([userID],[loginName],[passwd],[realName],[description],[registerDate],[lastLoginDate],[lastLoginIP],[userState],[organizationID],[tel]) VALUES(97,'云A48346','123456','云A48346','','2009-10-12 11:25:24',NULL,NULL,-1,1,NULL)
INSERT INTO [users] ([userID],[loginName],[passwd],[realName],[description],[registerDate],[lastLoginDate],[lastLoginIP],[userState],[organizationID],[tel]) VALUES(99,'云A48330','123456','云A48330','','2009-10-12 11:27:26',NULL,NULL,-1,1,NULL)
INSERT INTO [users] ([userID],[loginName],[passwd],[realName],[description],[registerDate],[lastLoginDate],[lastLoginIP],[userState],[organizationID],[tel]) VALUES(101,'云A77789','123456','云A77789','','2009-10-12 11:28:06',NULL,NULL,-1,1,NULL)
INSERT INTO [users] ([userID],[loginName],[passwd],[realName],[description],[registerDate],[lastLoginDate],[lastLoginIP],[userState],[organizationID],[tel]) VALUES(102,'云A86291','123456','云A86291','','2009-10-16 11:30:58',NULL,NULL,-1,1,NULL)
INSERT INTO [users] ([userID],[loginName],[passwd],[realName],[description],[registerDate],[lastLoginDate],[lastLoginIP],[userState],[organizationID],[tel]) VALUES(103,'云A86291','123456','云A86291','','2009-10-16 11:33:04',NULL,NULL,-1,1,NULL)
INSERT INTO [users] ([userID],[loginName],[passwd],[realName],[description],[registerDate],[lastLoginDate],[lastLoginIP],[userState],[organizationID],[tel]) VALUES(105,'张春生','123456','张春生','','2009-10-18 23:23:59',NULL,NULL,1,1,NULL)
INSERT INTO [users] ([userID],[loginName],[passwd],[realName],[description],[registerDate],[lastLoginDate],[lastLoginIP],[userState],[organizationID],[tel]) VALUES(107,'云A68919','123456','云A68919','','2009-10-28 15:04:14',NULL,NULL,1,1,NULL)
INSERT INTO [users] ([userID],[loginName],[passwd],[realName],[description],[registerDate],[lastLoginDate],[lastLoginIP],[userState],[organizationID],[tel]) VALUES(109,'云A88186','123456','云A88186','','2009-11-18 15:52:40',NULL,NULL,1,1,NULL)
INSERT INTO [users] ([userID],[loginName],[passwd],[realName],[description],[registerDate],[lastLoginDate],[lastLoginIP],[userState],[organizationID],[tel]) VALUES(110,'云A70318','123456','云A70318','','2009-11-18 15:53:06',NULL,NULL,1,1,NULL)
INSERT INTO [users] ([userID],[loginName],[passwd],[realName],[description],[registerDate],[lastLoginDate],[lastLoginIP],[userState],[organizationID],[tel]) VALUES(112,'云AW1668','123456','云AW1668','','2010-3-1 11:21:28',NULL,NULL,1,1,NULL)
INSERT INTO [users] ([userID],[loginName],[passwd],[realName],[description],[registerDate],[lastLoginDate],[lastLoginIP],[userState],[organizationID],[tel]) VALUES(98,'云AFK110','123456','云AFK110','','2009-10-12 11:27:03',NULL,NULL,-1,1,NULL)
INSERT INTO [users] ([userID],[loginName],[passwd],[realName],[description],[registerDate],[lastLoginDate],[lastLoginIP],[userState],[organizationID],[tel]) VALUES(100,'云L18598','123456','云L18598','','2009-10-12 11:27:44',NULL,NULL,-1,1,NULL)
INSERT INTO [users] ([userID],[loginName],[passwd],[realName],[description],[registerDate],[lastLoginDate],[lastLoginIP],[userState],[organizationID],[tel]) VALUES(104,'云A86291','123456','云A86291','','2009-10-16 11:34:51',NULL,NULL,-1,1,NULL)
INSERT INTO [users] ([userID],[loginName],[passwd],[realName],[description],[registerDate],[lastLoginDate],[lastLoginIP],[userState],[organizationID],[tel]) VALUES(111,'云A71083','123456','云A71083','','2009-11-18 15:54:48',NULL,NULL,1,1,NULL)
INSERT INTO [users] ([userID],[loginName],[passwd],[realName],[description],[registerDate],[lastLoginDate],[lastLoginIP],[userState],[organizationID],[tel]) VALUES(106,'陶光荣','123456','陶光荣','','2009-10-18 23:26:38',NULL,NULL,1,1,NULL)
INSERT INTO [users] ([userID],[loginName],[passwd],[realName],[description],[registerDate],[lastLoginDate],[lastLoginIP],[userState],[organizationID],[tel]) VALUES(108,'云A62519','123456','云A62519','','2009-10-28 15:04:43',NULL,NULL,1,1,NULL)
SET IDENTITY_INSERT [users] OFF


Print 'starting import vehicleTypeDic (3 records)'
SET IDENTITY_INSERT [vehicleTypeDic] ON
INSERT INTO [vehicleTypeDic] ([vehicleTypeID],[vehicleTypeName],[description],[stateTag],[speedLimitation]) VALUES(1,'油罐车',NULL,0,60)
INSERT INTO [vehicleTypeDic] ([vehicleTypeID],[vehicleTypeName],[description],[stateTag],[speedLimitation]) VALUES(2,'搅拌车',NULL,0,60)
INSERT INTO [vehicleTypeDic] ([vehicleTypeID],[vehicleTypeName],[description],[stateTag],[speedLimitation]) VALUES(3,'轿车',NULL,0,80)
SET IDENTITY_INSERT [vehicleTypeDic] OFF

Print 'starting import vehicle (78 records)'
SET IDENTITY_INSERT [vehicle] ON
INSERT INTO [vehicle] ([vehicleID],[deviceID],[licensPadNumber],[internalNumber],[engineNumber],[frameNumber],[modelNumber],[capability],[registerDate],[approvalDate],[annualCheckState],[secondMaintainDate],[assetBaseValue],[userID],[simCardNo],[vehicleState],[vehicleTypeID],[serviceExpireDate],[msgIntervel],[monitLevel],[speedLimitation]) VALUES(1,'13629615974','云A54642','k0001','1','1','1',1,'2009-6-22 0:00:00','2009-6-17 0:00:00',1,'2009-6-27 0:00:00',50000,2,'13629615974',-1,1,NULL,NULL,1,NULL)
INSERT INTO [vehicle] ([vehicleID],[deviceID],[licensPadNumber],[internalNumber],[engineNumber],[frameNumber],[modelNumber],[capability],[registerDate],[approvalDate],[annualCheckState],[secondMaintainDate],[assetBaseValue],[userID],[simCardNo],[vehicleState],[vehicleTypeID],[serviceExpireDate],[msgIntervel],[monitLevel],[speedLimitation]) VALUES(2,'13678742734','云A67966','A00003','1107','','',30480,'2008-6-23 0:00:00','2008-6-23 0:00:00',1,'2009-9-8 0:00:00',50000,58,'13678742734',1,1,NULL,NULL,1,NULL)
INSERT INTO [vehicle] ([vehicleID],[deviceID],[licensPadNumber],[internalNumber],[engineNumber],[frameNumber],[modelNumber],[capability],[registerDate],[approvalDate],[annualCheckState],[secondMaintainDate],[assetBaseValue],[userID],[simCardNo],[vehicleState],[vehicleTypeID],[serviceExpireDate],[msgIntervel],[monitLevel],[speedLimitation]) VALUES(3,'13678741394','云A61318','A00004','4','4','4',4,'2009-6-22 0:00:00','2009-6-22 0:00:00',1,'2009-6-22 0:00:00',50000,58,'13678741394',1,1,NULL,NULL,1,NULL)
INSERT INTO [vehicle] ([vehicleID],[deviceID],[licensPadNumber],[internalNumber],[engineNumber],[frameNumber],[modelNumber],[capability],[registerDate],[approvalDate],[annualCheckState],[secondMaintainDate],[assetBaseValue],[userID],[simCardNo],[vehicleState],[vehicleTypeID],[serviceExpireDate],[msgIntervel],[monitLevel],[speedLimitation]) VALUES(4,'13629624134','云A67902','A00006','6','6','6',6,'2009-6-22 0:00:00','2009-6-22 0:00:00',1,'2009-6-22 0:00:00',50000,58,'13629624134',1,2,NULL,NULL,1,NULL)
INSERT INTO [vehicle] ([vehicleID],[deviceID],[licensPadNumber],[internalNumber],[engineNumber],[frameNumber],[modelNumber],[capability],[registerDate],[approvalDate],[annualCheckState],[secondMaintainDate],[assetBaseValue],[userID],[simCardNo],[vehicleState],[vehicleTypeID],[serviceExpireDate],[msgIntervel],[monitLevel],[speedLimitation]) VALUES(5,'13678741361','云A67911','A00010','10','10','10',10,'2009-6-22 0:00:00','2009-6-22 0:00:00',1,'2009-6-22 0:00:00',50000,58,'13678741361',1,1,NULL,NULL,1,NULL)
INSERT INTO [vehicle] ([vehicleID],[deviceID],[licensPadNumber],[internalNumber],[engineNumber],[frameNumber],[modelNumber],[capability],[registerDate],[approvalDate],[annualCheckState],[secondMaintainDate],[assetBaseValue],[userID],[simCardNo],[vehicleState],[vehicleTypeID],[serviceExpireDate],[msgIntervel],[monitLevel],[speedLimitation]) VALUES(6,'K0008','云A009MK','8','','','',10,'2009-7-6 9:35:42','2009-7-6 0:00:00',1,'2010-7-6 0:00:00',NULL,2,'13678741702',-1,1,NULL,NULL,1,NULL)
INSERT INTO [vehicle] ([vehicleID],[deviceID],[licensPadNumber],[internalNumber],[engineNumber],[frameNumber],[modelNumber],[capability],[registerDate],[approvalDate],[annualCheckState],[secondMaintainDate],[assetBaseValue],[userID],[simCardNo],[vehicleState],[vehicleTypeID],[serviceExpireDate],[msgIntervel],[monitLevel],[speedLimitation]) VALUES(7,'K0009','云APN117','9','','','',10,'2009-7-6 9:37:30','2009-7-6 0:00:00',1,'2010-7-6 0:00:00',NULL,2,'13678741104',-1,1,NULL,NULL,1,NULL)
INSERT INTO [vehicle] ([vehicleID],[deviceID],[licensPadNumber],[internalNumber],[engineNumber],[frameNumber],[modelNumber],[capability],[registerDate],[approvalDate],[annualCheckState],[secondMaintainDate],[assetBaseValue],[userID],[simCardNo],[vehicleState],[vehicleTypeID],[serviceExpireDate],[msgIntervel],[monitLevel],[speedLimitation]) VALUES(8,'K0010','云A67911','10','','','',10,'2009-7-6 9:38:29','2009-7-6 0:00:00',2,'2010-7-6 0:00:00',NULL,2,'13678741361',-1,1,NULL,NULL,1,NULL)
INSERT INTO [vehicle] ([vehicleID],[deviceID],[licensPadNumber],[internalNumber],[engineNumber],[frameNumber],[modelNumber],[capability],[registerDate],[approvalDate],[annualCheckState],[secondMaintainDate],[assetBaseValue],[userID],[simCardNo],[vehicleState],[vehicleTypeID],[serviceExpireDate],[msgIntervel],[monitLevel],[speedLimitation]) VALUES(9,'13629624134','云A67902','6','','','',10,'2009-7-7 10:29:57','2009-6-18 0:00:00',1,'2010-7-6 0:00:00',NULL,2,'13629624134',-1,1,NULL,NULL,1,NULL)
INSERT INTO [vehicle] ([vehicleID],[deviceID],[licensPadNumber],[internalNumber],[engineNumber],[frameNumber],[modelNumber],[capability],[registerDate],[approvalDate],[annualCheckState],[secondMaintainDate],[assetBaseValue],[userID],[simCardNo],[vehicleState],[vehicleTypeID],[serviceExpireDate],[msgIntervel],[monitLevel],[speedLimitation]) VALUES(14,'13629615974','云A54642','K0001','','','',5,'2009-7-9 0:00:00','2009-7-9 0:00:00',1,'2010-7-22 0:00:00',NULL,2,'13629615974',-1,1,NULL,NULL,1,NULL)
INSERT INTO [vehicle] ([vehicleID],[deviceID],[licensPadNumber],[internalNumber],[engineNumber],[frameNumber],[modelNumber],[capability],[registerDate],[approvalDate],[annualCheckState],[secondMaintainDate],[assetBaseValue],[userID],[simCardNo],[vehicleState],[vehicleTypeID],[serviceExpireDate],[msgIntervel],[monitLevel],[speedLimitation]) VALUES(10,'13678742537','云A67599','A00002','','','',10,'2009-7-7 0:00:00','2009-6-14 0:00:00',1,'2009-7-7 0:00:00',NULL,58,'13678742537',1,1,NULL,NULL,1,NULL)
INSERT INTO [vehicle] ([vehicleID],[deviceID],[licensPadNumber],[internalNumber],[engineNumber],[frameNumber],[modelNumber],[capability],[registerDate],[approvalDate],[annualCheckState],[secondMaintainDate],[assetBaseValue],[userID],[simCardNo],[vehicleState],[vehicleTypeID],[serviceExpireDate],[msgIntervel],[monitLevel],[speedLimitation]) VALUES(11,'13629624641','云A001MK','K0005','','','',10,'2009-7-7 10:36:16','2009-7-7 0:00:00',1,'2010-7-7 0:00:00',NULL,2,'13629624641',-1,1,NULL,NULL,1,NULL)
INSERT INTO [vehicle] ([vehicleID],[deviceID],[licensPadNumber],[internalNumber],[engineNumber],[frameNumber],[modelNumber],[capability],[registerDate],[approvalDate],[annualCheckState],[secondMaintainDate],[assetBaseValue],[userID],[simCardNo],[vehicleState],[vehicleTypeID],[serviceExpireDate],[msgIntervel],[monitLevel],[speedLimitation]) VALUES(12,'15168339718','云A009MK','A00008','','','',10,'2009-7-7 0:00:00','2009-6-30 0:00:00',1,'2010-7-7 0:00:00',NULL,58,'15168339718',1,1,NULL,NULL,1,NULL)
INSERT INTO [vehicle] ([vehicleID],[deviceID],[licensPadNumber],[internalNumber],[engineNumber],[frameNumber],[modelNumber],[capability],[registerDate],[approvalDate],[annualCheckState],[secondMaintainDate],[assetBaseValue],[userID],[simCardNo],[vehicleState],[vehicleTypeID],[serviceExpireDate],[msgIntervel],[monitLevel],[speedLimitation]) VALUES(15,'13629615974','云A54642','A00001','','','',10,'2009-7-9 0:00:00','2009-7-9 0:00:00',1,'2010-8-18 0:00:00',NULL,59,'13629615974',1,1,NULL,NULL,1,NULL)
INSERT INTO [vehicle] ([vehicleID],[deviceID],[licensPadNumber],[internalNumber],[engineNumber],[frameNumber],[modelNumber],[capability],[registerDate],[approvalDate],[annualCheckState],[secondMaintainDate],[assetBaseValue],[userID],[simCardNo],[vehicleState],[vehicleTypeID],[serviceExpireDate],[msgIntervel],[monitLevel],[speedLimitation]) VALUES(16,'15168338938','云A001MK','A00005','','','',10,'2009-7-9 0:00:00','2009-7-9 0:00:00',1,'2010-7-1 0:00:00',NULL,58,'15168338938',1,3,NULL,NULL,1,NULL)
INSERT INTO [vehicle] ([vehicleID],[deviceID],[licensPadNumber],[internalNumber],[engineNumber],[frameNumber],[modelNumber],[capability],[registerDate],[approvalDate],[annualCheckState],[secondMaintainDate],[assetBaseValue],[userID],[simCardNo],[vehicleState],[vehicleTypeID],[serviceExpireDate],[msgIntervel],[monitLevel],[speedLimitation]) VALUES(13,'15168339718','云APN117','A00009','','','',5,'2009-7-9 0:00:00','2009-7-9 0:00:00',1,'2009-7-9 0:00:00',NULL,58,'15168339718',1,1,NULL,NULL,1,NULL)
INSERT INTO [vehicle] ([vehicleID],[deviceID],[licensPadNumber],[internalNumber],[engineNumber],[frameNumber],[modelNumber],[capability],[registerDate],[approvalDate],[annualCheckState],[secondMaintainDate],[assetBaseValue],[userID],[simCardNo],[vehicleState],[vehicleTypeID],[serviceExpireDate],[msgIntervel],[monitLevel],[speedLimitation]) VALUES(17,'13629650712','云AHA983','A00011','','','',10,'2009-7-24 0:00:00','2009-7-24 0:00:00',1,'2010-9-20 0:00:00',NULL,61,'13629650712',1,1,NULL,NULL,1,NULL)
INSERT INTO [vehicle] ([vehicleID],[deviceID],[licensPadNumber],[internalNumber],[engineNumber],[frameNumber],[modelNumber],[capability],[registerDate],[approvalDate],[annualCheckState],[secondMaintainDate],[assetBaseValue],[userID],[simCardNo],[vehicleState],[vehicleTypeID],[serviceExpireDate],[msgIntervel],[monitLevel],[speedLimitation]) VALUES(18,'13529211754','云AFM360','A00007','','','',10,'2009-7-24 0:00:00','2009-7-24 0:00:00',1,'2010-8-26 0:00:00',NULL,60,'13529211754',1,1,NULL,NULL,1,NULL)
INSERT INTO [vehicle] ([vehicleID],[deviceID],[licensPadNumber],[internalNumber],[engineNumber],[frameNumber],[modelNumber],[capability],[registerDate],[approvalDate],[annualCheckState],[secondMaintainDate],[assetBaseValue],[userID],[simCardNo],[vehicleState],[vehicleTypeID],[serviceExpireDate],[msgIntervel],[monitLevel],[speedLimitation]) VALUES(19,'13529357564','云A48447','A00012','','','',10,'2009-7-27 0:00:00','2009-7-27 0:00:00',1,'2010-7-27 0:00:00',NULL,62,'13529357564',1,2,NULL,NULL,1,NULL)
INSERT INTO [vehicle] ([vehicleID],[deviceID],[licensPadNumber],[internalNumber],[engineNumber],[frameNumber],[modelNumber],[capability],[registerDate],[approvalDate],[annualCheckState],[secondMaintainDate],[assetBaseValue],[userID],[simCardNo],[vehicleState],[vehicleTypeID],[serviceExpireDate],[msgIntervel],[monitLevel],[speedLimitation]) VALUES(20,'13529357541','云A41694','A00013','','','',10,'2009-7-27 0:00:00','2009-7-27 0:00:00',1,'2010-7-27 0:00:00',NULL,63,'13529357541',1,1,NULL,NULL,1,NULL)
INSERT INTO [vehicle] ([vehicleID],[deviceID],[licensPadNumber],[internalNumber],[engineNumber],[frameNumber],[modelNumber],[capability],[registerDate],[approvalDate],[annualCheckState],[secondMaintainDate],[assetBaseValue],[userID],[simCardNo],[vehicleState],[vehicleTypeID],[serviceExpireDate],[msgIntervel],[monitLevel],[speedLimitation]) VALUES(21,'13529354462','云A47077','A00014','','','',10,'2009-7-27 0:00:00','2009-7-27 0:00:00',1,'2010-7-27 0:00:00',NULL,64,'13529354462',1,1,NULL,NULL,1,NULL)
INSERT INTO [vehicle] ([vehicleID],[deviceID],[licensPadNumber],[internalNumber],[engineNumber],[frameNumber],[modelNumber],[capability],[registerDate],[approvalDate],[annualCheckState],[secondMaintainDate],[assetBaseValue],[userID],[simCardNo],[vehicleState],[vehicleTypeID],[serviceExpireDate],[msgIntervel],[monitLevel],[speedLimitation]) VALUES(22,'13629654474','云ASM161','A00015','','','',980,'2009-7-27 0:00:00','2008-6-16 0:00:00',1,'2009-9-5 0:00:00',NULL,65,'13629654474',1,2,NULL,NULL,1,NULL)
INSERT INTO [vehicle] ([vehicleID],[deviceID],[licensPadNumber],[internalNumber],[engineNumber],[frameNumber],[modelNumber],[capability],[registerDate],[approvalDate],[annualCheckState],[secondMaintainDate],[assetBaseValue],[userID],[simCardNo],[vehicleState],[vehicleTypeID],[serviceExpireDate],[msgIntervel],[monitLevel],[speedLimitation]) VALUES(24,'13629651845','云A50451','A00016','','','',10,'2009-7-29 0:00:00','2009-7-29 0:00:00',1,'2009-7-29 0:00:00',NULL,66,'13629651845',1,1,NULL,NULL,1,NULL)
INSERT INTO [vehicle] ([vehicleID],[deviceID],[licensPadNumber],[internalNumber],[engineNumber],[frameNumber],[modelNumber],[capability],[registerDate],[approvalDate],[annualCheckState],[secondMaintainDate],[assetBaseValue],[userID],[simCardNo],[vehicleState],[vehicleTypeID],[serviceExpireDate],[msgIntervel],[monitLevel],[speedLimitation]) VALUES(25,'13629651014','云A78029','A00018','','','',10,'2009-7-29 0:00:00','2009-7-29 0:00:00',1,'2009-7-29 0:00:00',NULL,68,'13629651014',1,1,NULL,NULL,1,NULL)
INSERT INTO [vehicle] ([vehicleID],[deviceID],[licensPadNumber],[internalNumber],[engineNumber],[frameNumber],[modelNumber],[capability],[registerDate],[approvalDate],[annualCheckState],[secondMaintainDate],[assetBaseValue],[userID],[simCardNo],[vehicleState],[vehicleTypeID],[serviceExpireDate],[msgIntervel],[monitLevel],[speedLimitation]) VALUES(26,'13629651504','云A46055','A00019','','','',10,'2009-7-30 0:00:00','2009-7-30 0:00:00',1,'2010-8-30 0:00:00',NULL,69,'13629651504',1,1,NULL,NULL,1,NULL)
INSERT INTO [vehicle] ([vehicleID],[deviceID],[licensPadNumber],[internalNumber],[engineNumber],[frameNumber],[modelNumber],[capability],[registerDate],[approvalDate],[annualCheckState],[secondMaintainDate],[assetBaseValue],[userID],[simCardNo],[vehicleState],[vehicleTypeID],[serviceExpireDate],[msgIntervel],[monitLevel],[speedLimitation]) VALUES(27,'13529354044','云ANW336','A00021','','','',10,'2009-7-30 0:00:00','2009-7-30 0:00:00',1,'2009-7-30 0:00:00',NULL,71,'13529354044',-1,1,NULL,NULL,1,NULL)
INSERT INTO [vehicle] ([vehicleID],[deviceID],[licensPadNumber],[internalNumber],[engineNumber],[frameNumber],[modelNumber],[capability],[registerDate],[approvalDate],[annualCheckState],[secondMaintainDate],[assetBaseValue],[userID],[simCardNo],[vehicleState],[vehicleTypeID],[serviceExpireDate],[msgIntervel],[monitLevel],[speedLimitation]) VALUES(28,'13529357424','云A44971','K0022','','','',10,'2009-7-1 0:00:00','2009-7-1 0:00:00',1,'2009-11-30 0:00:00',NULL,1,'13529357424',-1,1,NULL,NULL,1,NULL)
INSERT INTO [vehicle] ([vehicleID],[deviceID],[licensPadNumber],[internalNumber],[engineNumber],[frameNumber],[modelNumber],[capability],[registerDate],[approvalDate],[annualCheckState],[secondMaintainDate],[assetBaseValue],[userID],[simCardNo],[vehicleState],[vehicleTypeID],[serviceExpireDate],[msgIntervel],[monitLevel],[speedLimitation]) VALUES(31,'13529357795','云A47265','K0023','','','',10,'2009-7-1 0:00:00','2009-7-1 0:00:00',1,'2009-8-19 0:00:00',NULL,1,'13529357795',-1,1,NULL,NULL,1,NULL)
INSERT INTO [vehicle] ([vehicleID],[deviceID],[licensPadNumber],[internalNumber],[engineNumber],[frameNumber],[modelNumber],[capability],[registerDate],[approvalDate],[annualCheckState],[secondMaintainDate],[assetBaseValue],[userID],[simCardNo],[vehicleState],[vehicleTypeID],[serviceExpireDate],[msgIntervel],[monitLevel],[speedLimitation]) VALUES(32,'13529357417','云A52745','A00024','','','',10,'2009-7-31 0:00:00','2009-7-31 0:00:00',1,'2009-7-31 0:00:00',NULL,74,'13529357417',1,1,NULL,NULL,1,NULL)
INSERT INTO [vehicle] ([vehicleID],[deviceID],[licensPadNumber],[internalNumber],[engineNumber],[frameNumber],[modelNumber],[capability],[registerDate],[approvalDate],[annualCheckState],[secondMaintainDate],[assetBaseValue],[userID],[simCardNo],[vehicleState],[vehicleTypeID],[serviceExpireDate],[msgIntervel],[monitLevel],[speedLimitation]) VALUES(33,'13529357415','云ACA875','A00025','','','',10,'2009-7-31 0:00:00','2009-7-31 0:00:00',1,'2009-7-31 0:00:00',NULL,75,'13529357415',1,1,NULL,NULL,1,NULL)
INSERT INTO [vehicle] ([vehicleID],[deviceID],[licensPadNumber],[internalNumber],[engineNumber],[frameNumber],[modelNumber],[capability],[registerDate],[approvalDate],[annualCheckState],[secondMaintainDate],[assetBaseValue],[userID],[simCardNo],[vehicleState],[vehicleTypeID],[serviceExpireDate],[msgIntervel],[monitLevel],[speedLimitation]) VALUES(34,'13529354192','云A45185','A00026','','','',10,'2009-8-3 0:00:00','2009-8-3 0:00:00',1,'2010-8-3 0:00:00',NULL,76,'13529354192',1,1,NULL,NULL,1,NULL)
INSERT INTO [vehicle] ([vehicleID],[deviceID],[licensPadNumber],[internalNumber],[engineNumber],[frameNumber],[modelNumber],[capability],[registerDate],[approvalDate],[annualCheckState],[secondMaintainDate],[assetBaseValue],[userID],[simCardNo],[vehicleState],[vehicleTypeID],[serviceExpireDate],[msgIntervel],[monitLevel],[speedLimitation]) VALUES(35,'13529353746','云A45170','A00029','','','',10,'2009-8-6 15:03:17','2009-8-6 0:00:00',1,'2010-8-6 0:00:00',NULL,28,'13529353746',-1,1,NULL,NULL,1,NULL)
INSERT INTO [vehicle] ([vehicleID],[deviceID],[licensPadNumber],[internalNumber],[engineNumber],[frameNumber],[modelNumber],[capability],[registerDate],[approvalDate],[annualCheckState],[secondMaintainDate],[assetBaseValue],[userID],[simCardNo],[vehicleState],[vehicleTypeID],[serviceExpireDate],[msgIntervel],[monitLevel],[speedLimitation]) VALUES(36,'13529353746','云A45170','A00029','','','',10,'2009-8-6 15:09:16','2009-8-6 0:00:00',1,'2009-10-15 0:00:00',NULL,28,'13529353746',-1,1,NULL,NULL,1,NULL)
INSERT INTO [vehicle] ([vehicleID],[deviceID],[licensPadNumber],[internalNumber],[engineNumber],[frameNumber],[modelNumber],[capability],[registerDate],[approvalDate],[annualCheckState],[secondMaintainDate],[assetBaseValue],[userID],[simCardNo],[vehicleState],[vehicleTypeID],[serviceExpireDate],[msgIntervel],[monitLevel],[speedLimitation]) VALUES(29,'13529357424','云A44971','A00022','','','',10,'2009-7-30 0:00:00','2009-7-30 0:00:00',1,'2009-7-30 0:00:00',NULL,72,'13529357424',1,1,NULL,NULL,1,NULL)
INSERT INTO [vehicle] ([vehicleID],[deviceID],[licensPadNumber],[internalNumber],[engineNumber],[frameNumber],[modelNumber],[capability],[registerDate],[approvalDate],[annualCheckState],[secondMaintainDate],[assetBaseValue],[userID],[simCardNo],[vehicleState],[vehicleTypeID],[serviceExpireDate],[msgIntervel],[monitLevel],[speedLimitation]) VALUES(37,'13529353746','云A45170','A00029','','','',10,'2009-8-6 0:00:00','2009-8-6 0:00:00',1,'2010-8-6 0:00:00',NULL,78,'13529353746',1,1,NULL,NULL,1,NULL)
INSERT INTO [vehicle] ([vehicleID],[deviceID],[licensPadNumber],[internalNumber],[engineNumber],[frameNumber],[modelNumber],[capability],[registerDate],[approvalDate],[annualCheckState],[secondMaintainDate],[assetBaseValue],[userID],[simCardNo],[vehicleState],[vehicleTypeID],[serviceExpireDate],[msgIntervel],[monitLevel],[speedLimitation]) VALUES(30,'13529357795','云A47265','A00023','','','',10,'2009-7-30 0:00:00','2009-7-30 0:00:00',1,'2009-7-30 0:00:00',NULL,73,'13529357795',1,1,NULL,NULL,1,NULL)
INSERT INTO [vehicle] ([vehicleID],[deviceID],[licensPadNumber],[internalNumber],[engineNumber],[frameNumber],[modelNumber],[capability],[registerDate],[approvalDate],[annualCheckState],[secondMaintainDate],[assetBaseValue],[userID],[simCardNo],[vehicleState],[vehicleTypeID],[serviceExpireDate],[msgIntervel],[monitLevel],[speedLimitation]) VALUES(38,'15198941743','云A42724','A00031','','','',10,'2009-8-7 0:00:00','2009-8-7 0:00:00',1,'2010-8-7 0:00:00',NULL,79,'15198941743',1,1,NULL,NULL,1,NULL)
INSERT INTO [vehicle] ([vehicleID],[deviceID],[licensPadNumber],[internalNumber],[engineNumber],[frameNumber],[modelNumber],[capability],[registerDate],[approvalDate],[annualCheckState],[secondMaintainDate],[assetBaseValue],[userID],[simCardNo],[vehicleState],[vehicleTypeID],[serviceExpireDate],[msgIntervel],[monitLevel],[speedLimitation]) VALUES(39,'15198945209','云A65273','A00032','','','',10,'2009-8-7 0:00:00','2009-8-7 0:00:00',1,'2010-8-7 0:00:00',NULL,80,'15198945209',1,1,NULL,NULL,1,NULL)
INSERT INTO [vehicle] ([vehicleID],[deviceID],[licensPadNumber],[internalNumber],[engineNumber],[frameNumber],[modelNumber],[capability],[registerDate],[approvalDate],[annualCheckState],[secondMaintainDate],[assetBaseValue],[userID],[simCardNo],[vehicleState],[vehicleTypeID],[serviceExpireDate],[msgIntervel],[monitLevel],[speedLimitation]) VALUES(40,'15198719453','云A66353','A00033','','','',10,'2009-8-7 0:00:00','2009-8-7 0:00:00',1,'2010-8-7 0:00:00',NULL,81,'15198719453',1,1,NULL,NULL,1,NULL)
INSERT INTO [vehicle] ([vehicleID],[deviceID],[licensPadNumber],[internalNumber],[engineNumber],[frameNumber],[modelNumber],[capability],[registerDate],[approvalDate],[annualCheckState],[secondMaintainDate],[assetBaseValue],[userID],[simCardNo],[vehicleState],[vehicleTypeID],[serviceExpireDate],[msgIntervel],[monitLevel],[speedLimitation]) VALUES(41,'15198943137','云A44871','A00034','','','',10,'2009-8-7 0:00:00','2009-8-7 0:00:00',1,'2010-8-7 0:00:00',NULL,57,'15198943137',1,1,NULL,NULL,1,NULL)
INSERT INTO [vehicle] ([vehicleID],[deviceID],[licensPadNumber],[internalNumber],[engineNumber],[frameNumber],[modelNumber],[capability],[registerDate],[approvalDate],[annualCheckState],[secondMaintainDate],[assetBaseValue],[userID],[simCardNo],[vehicleState],[vehicleTypeID],[serviceExpireDate],[msgIntervel],[monitLevel],[speedLimitation]) VALUES(48,'15198742764','云A53298','A00042','','','',10,'2009-8-10 0:00:00','2009-8-10 0:00:00',1,'2010-8-10 0:00:00',NULL,85,'15198742764',1,1,NULL,NULL,1,NULL)
INSERT INTO [vehicle] ([vehicleID],[deviceID],[licensPadNumber],[internalNumber],[engineNumber],[frameNumber],[modelNumber],[capability],[registerDate],[approvalDate],[annualCheckState],[secondMaintainDate],[assetBaseValue],[userID],[simCardNo],[vehicleState],[vehicleTypeID],[serviceExpireDate],[msgIntervel],[monitLevel],[speedLimitation]) VALUES(49,'15198754287','云A53872','A00043','','','',10,'2009-8-10 0:00:00','2009-8-10 0:00:00',1,'2010-8-10 0:00:00',NULL,106,'15198754287',1,1,NULL,NULL,1,NULL)
INSERT INTO [vehicle] ([vehicleID],[deviceID],[licensPadNumber],[internalNumber],[engineNumber],[frameNumber],[modelNumber],[capability],[registerDate],[approvalDate],[annualCheckState],[secondMaintainDate],[assetBaseValue],[userID],[simCardNo],[vehicleState],[vehicleTypeID],[serviceExpireDate],[msgIntervel],[monitLevel],[speedLimitation]) VALUES(42,'15198709364','云A55454','A00035','','','',10,'2009-8-7 0:00:00','2009-8-7 0:00:00',1,'2010-8-7 0:00:00',NULL,57,'15198709364',1,1,NULL,NULL,1,NULL)
INSERT INTO [vehicle] ([vehicleID],[deviceID],[licensPadNumber],[internalNumber],[engineNumber],[frameNumber],[modelNumber],[capability],[registerDate],[approvalDate],[annualCheckState],[secondMaintainDate],[assetBaseValue],[userID],[simCardNo],[vehicleState],[vehicleTypeID],[serviceExpireDate],[msgIntervel],[monitLevel],[speedLimitation]) VALUES(43,'15198738674','云A53467','A00036','','','',10,'2009-8-7 0:00:00','2009-8-7 0:00:00',1,'2010-8-7 0:00:00',NULL,57,'15198738674',1,1,NULL,NULL,1,NULL)
INSERT INTO [vehicle] ([vehicleID],[deviceID],[licensPadNumber],[internalNumber],[engineNumber],[frameNumber],[modelNumber],[capability],[registerDate],[approvalDate],[annualCheckState],[secondMaintainDate],[assetBaseValue],[userID],[simCardNo],[vehicleState],[vehicleTypeID],[serviceExpireDate],[msgIntervel],[monitLevel],[speedLimitation]) VALUES(44,'15198959163','云A78189','A00037','','','',10,'2009-8-7 0:00:00','2009-8-7 0:00:00',1,'2010-8-7 0:00:00',NULL,57,'15198959163',1,1,NULL,NULL,1,NULL)
INSERT INTO [vehicle] ([vehicleID],[deviceID],[licensPadNumber],[internalNumber],[engineNumber],[frameNumber],[modelNumber],[capability],[registerDate],[approvalDate],[annualCheckState],[secondMaintainDate],[assetBaseValue],[userID],[simCardNo],[vehicleState],[vehicleTypeID],[serviceExpireDate],[msgIntervel],[monitLevel],[speedLimitation]) VALUES(45,'15198946242','云A65953','A00038','','','',10,'2009-8-7 0:00:00','2009-8-7 0:00:00',1,'2010-8-7 0:00:00',NULL,57,'15198946242',1,1,NULL,NULL,1,NULL)
INSERT INTO [vehicle] ([vehicleID],[deviceID],[licensPadNumber],[internalNumber],[engineNumber],[frameNumber],[modelNumber],[capability],[registerDate],[approvalDate],[annualCheckState],[secondMaintainDate],[assetBaseValue],[userID],[simCardNo],[vehicleState],[vehicleTypeID],[serviceExpireDate],[msgIntervel],[monitLevel],[speedLimitation]) VALUES(46,'15198706103','云A69537','A00039','','','',10,'2009-8-7 0:00:00','2009-8-7 0:00:00',1,'2010-8-7 0:00:00',NULL,82,'15198706103',1,1,NULL,NULL,1,NULL)
INSERT INTO [vehicle] ([vehicleID],[deviceID],[licensPadNumber],[internalNumber],[engineNumber],[frameNumber],[modelNumber],[capability],[registerDate],[approvalDate],[annualCheckState],[secondMaintainDate],[assetBaseValue],[userID],[simCardNo],[vehicleState],[vehicleTypeID],[serviceExpireDate],[msgIntervel],[monitLevel],[speedLimitation]) VALUES(47,'15198948194','云A45307','A00040','','','',10,'2009-8-10 0:00:00','2009-8-10 0:00:00',1,'2010-8-10 0:00:00',NULL,83,'15198948194',1,1,NULL,NULL,1,NULL)
INSERT INTO [vehicle] ([vehicleID],[deviceID],[licensPadNumber],[internalNumber],[engineNumber],[frameNumber],[modelNumber],[capability],[registerDate],[approvalDate],[annualCheckState],[secondMaintainDate],[assetBaseValue],[userID],[simCardNo],[vehicleState],[vehicleTypeID],[serviceExpireDate],[msgIntervel],[monitLevel],[speedLimitation]) VALUES(50,'13629650644','云AV1596','A00020','','','',3,'2009-8-10 0:00:00','2009-8-10 0:00:00',1,'2009-8-11 0:00:00',0,70,'13629650644',1,1,NULL,NULL,1,NULL)
INSERT INTO [vehicle] ([vehicleID],[deviceID],[licensPadNumber],[internalNumber],[engineNumber],[frameNumber],[modelNumber],[capability],[registerDate],[approvalDate],[annualCheckState],[secondMaintainDate],[assetBaseValue],[userID],[simCardNo],[vehicleState],[vehicleTypeID],[serviceExpireDate],[msgIntervel],[monitLevel],[speedLimitation]) VALUES(51,'15198949057','云A46932','A00044','','','',10,'2009-8-12 0:00:00','2009-8-12 0:00:00',1,'2010-8-12 0:00:00',NULL,86,'15198949057',1,1,NULL,NULL,1,NULL)
INSERT INTO [vehicle] ([vehicleID],[deviceID],[licensPadNumber],[internalNumber],[engineNumber],[frameNumber],[modelNumber],[capability],[registerDate],[approvalDate],[annualCheckState],[secondMaintainDate],[assetBaseValue],[userID],[simCardNo],[vehicleState],[vehicleTypeID],[serviceExpireDate],[msgIntervel],[monitLevel],[speedLimitation]) VALUES(52,'15198757815','云A57055','A00046','','','',10,'2009-8-18 0:00:00','2009-8-18 0:00:00',1,'2010-8-18 0:00:00',NULL,90,'15198757815',1,1,NULL,NULL,1,NULL)
INSERT INTO [vehicle] ([vehicleID],[deviceID],[licensPadNumber],[internalNumber],[engineNumber],[frameNumber],[modelNumber],[capability],[registerDate],[approvalDate],[annualCheckState],[secondMaintainDate],[assetBaseValue],[userID],[simCardNo],[vehicleState],[vehicleTypeID],[serviceExpireDate],[msgIntervel],[monitLevel],[speedLimitation]) VALUES(53,'15198959489','云A1Q618','A00047','','','',10,'2009-8-18 0:00:00','2009-8-18 0:00:00',1,'2010-8-18 0:00:00',NULL,88,'15198959489',1,1,NULL,NULL,1,NULL)
INSERT INTO [vehicle] ([vehicleID],[deviceID],[licensPadNumber],[internalNumber],[engineNumber],[frameNumber],[modelNumber],[capability],[registerDate],[approvalDate],[annualCheckState],[secondMaintainDate],[assetBaseValue],[userID],[simCardNo],[vehicleState],[vehicleTypeID],[serviceExpireDate],[msgIntervel],[monitLevel],[speedLimitation]) VALUES(54,'15198954944','云A50630','A00045','','','',10,'2009-8-20 0:00:00','2009-8-20 0:00:00',1,'2010-8-20 0:00:00',NULL,87,'15198954944',1,1,NULL,NULL,1,NULL)
INSERT INTO [vehicle] ([vehicleID],[deviceID],[licensPadNumber],[internalNumber],[engineNumber],[frameNumber],[modelNumber],[capability],[registerDate],[approvalDate],[annualCheckState],[secondMaintainDate],[assetBaseValue],[userID],[simCardNo],[vehicleState],[vehicleTypeID],[serviceExpireDate],[msgIntervel],[monitLevel],[speedLimitation]) VALUES(56,'15168252658','云AQ8790','A00051','123456','653421','53456465',12,'2009-8-21 0:00:00','2009-8-21 0:00:00',1,'2009-9-21 0:00:00',1,55,'15168252658',1,3,NULL,NULL,1,NULL)
INSERT INTO [vehicle] ([vehicleID],[deviceID],[licensPadNumber],[internalNumber],[engineNumber],[frameNumber],[modelNumber],[capability],[registerDate],[approvalDate],[annualCheckState],[secondMaintainDate],[assetBaseValue],[userID],[simCardNo],[vehicleState],[vehicleTypeID],[serviceExpireDate],[msgIntervel],[monitLevel],[speedLimitation]) VALUES(57,'13629651542','云A45684','A00017','','','',10,'2009-8-24 0:00:00','2009-8-24 0:00:00',1,'2010-8-24 0:00:00',NULL,67,'13629651542',1,1,NULL,NULL,1,NULL)
INSERT INTO [vehicle] ([vehicleID],[deviceID],[licensPadNumber],[internalNumber],[engineNumber],[frameNumber],[modelNumber],[capability],[registerDate],[approvalDate],[annualCheckState],[secondMaintainDate],[assetBaseValue],[userID],[simCardNo],[vehicleState],[vehicleTypeID],[serviceExpireDate],[msgIntervel],[monitLevel],[speedLimitation]) VALUES(58,'13529358634','云A35511','A00027','','','',10,'2009-9-2 0:00:00','2009-9-2 0:00:00',1,'2010-9-2 0:00:00',40,77,'13529358634',1,1,NULL,NULL,1,NULL)
INSERT INTO [vehicle] ([vehicleID],[deviceID],[licensPadNumber],[internalNumber],[engineNumber],[frameNumber],[modelNumber],[capability],[registerDate],[approvalDate],[annualCheckState],[secondMaintainDate],[assetBaseValue],[userID],[simCardNo],[vehicleState],[vehicleTypeID],[serviceExpireDate],[msgIntervel],[monitLevel],[speedLimitation]) VALUES(59,'15198953474','云A48348','A00048','','','',10,'2009-9-11 0:00:00','2009-9-9 0:00:00',1,'2010-9-11 0:00:00',NULL,58,'15198953474',1,1,NULL,NULL,1,NULL)
INSERT INTO [vehicle] ([vehicleID],[deviceID],[licensPadNumber],[internalNumber],[engineNumber],[frameNumber],[modelNumber],[capability],[registerDate],[approvalDate],[annualCheckState],[secondMaintainDate],[assetBaseValue],[userID],[simCardNo],[vehicleState],[vehicleTypeID],[serviceExpireDate],[msgIntervel],[monitLevel],[speedLimitation]) VALUES(60,'13629650047','云A48319','A00021','','','',10,'2009-9-11 13:33:47','2009-9-9 0:00:00',1,'2010-9-11 0:00:00',NULL,91,'13629650047',1,1,NULL,NULL,1,NULL)
INSERT INTO [vehicle] ([vehicleID],[deviceID],[licensPadNumber],[internalNumber],[engineNumber],[frameNumber],[modelNumber],[capability],[registerDate],[approvalDate],[annualCheckState],[secondMaintainDate],[assetBaseValue],[userID],[simCardNo],[vehicleState],[vehicleTypeID],[serviceExpireDate],[msgIntervel],[monitLevel],[speedLimitation]) VALUES(55,'15168350738','云AQA510','A00052','123456','654321','123',1,'2009-8-21 0:00:00','2009-8-21 0:00:00',1,'2010-8-21 0:00:00',1,54,'15168350738',1,3,NULL,NULL,1,NULL)
INSERT INTO [vehicle] ([vehicleID],[deviceID],[licensPadNumber],[internalNumber],[engineNumber],[frameNumber],[modelNumber],[capability],[registerDate],[approvalDate],[annualCheckState],[secondMaintainDate],[assetBaseValue],[userID],[simCardNo],[vehicleState],[vehicleTypeID],[serviceExpireDate],[msgIntervel],[monitLevel],[speedLimitation]) VALUES(61,'15198741404','云A48038','A00050','','','',10,'2009-9-14 0:00:00','2009-9-11 0:00:00',1,'2010-9-11 0:00:00',NULL,58,'15198741404',1,1,NULL,NULL,1,NULL)
INSERT INTO [vehicle] ([vehicleID],[deviceID],[licensPadNumber],[internalNumber],[engineNumber],[frameNumber],[modelNumber],[capability],[registerDate],[approvalDate],[annualCheckState],[secondMaintainDate],[assetBaseValue],[userID],[simCardNo],[vehicleState],[vehicleTypeID],[serviceExpireDate],[msgIntervel],[monitLevel],[speedLimitation]) VALUES(62,'13629624641','云A45709','A00054','','','',10,'2009-9-14 0:00:00','2009-9-11 0:00:00',1,'2010-9-11 0:00:00',NULL,91,'13629624641',1,1,NULL,NULL,1,NULL)
INSERT INTO [vehicle] ([vehicleID],[deviceID],[licensPadNumber],[internalNumber],[engineNumber],[frameNumber],[modelNumber],[capability],[registerDate],[approvalDate],[annualCheckState],[secondMaintainDate],[assetBaseValue],[userID],[simCardNo],[vehicleState],[vehicleTypeID],[serviceExpireDate],[msgIntervel],[monitLevel],[speedLimitation]) VALUES(63,'13529354044','云ANW336','A00028','','','',10,'2009-10-10 16:47:52','2009-8-1 0:00:00',1,'2010-8-1 0:00:00',NULL,71,'13529354044',1,1,NULL,NULL,1,NULL)
INSERT INTO [vehicle] ([vehicleID],[deviceID],[licensPadNumber],[internalNumber],[engineNumber],[frameNumber],[modelNumber],[capability],[registerDate],[approvalDate],[annualCheckState],[secondMaintainDate],[assetBaseValue],[userID],[simCardNo],[vehicleState],[vehicleTypeID],[serviceExpireDate],[msgIntervel],[monitLevel],[speedLimitation]) VALUES(64,'15198735783','云A45695','A00041','','','',10,'2009-10-10 0:00:00','2009-8-11 0:00:00',1,'2010-8-11 0:00:00',NULL,84,'15198735783',1,1,NULL,NULL,1,NULL)
INSERT INTO [vehicle] ([vehicleID],[deviceID],[licensPadNumber],[internalNumber],[engineNumber],[frameNumber],[modelNumber],[capability],[registerDate],[approvalDate],[annualCheckState],[secondMaintainDate],[assetBaseValue],[userID],[simCardNo],[vehicleState],[vehicleTypeID],[serviceExpireDate],[msgIntervel],[monitLevel],[speedLimitation]) VALUES(65,'13529353496','云A47238','A00030','','','',10,'2009-10-12 0:00:00','2009-7-28 0:00:00',1,'2010-7-28 0:00:00',NULL,105,'13529353496',1,1,NULL,NULL,1,NULL)
INSERT INTO [vehicle] ([vehicleID],[deviceID],[licensPadNumber],[internalNumber],[engineNumber],[frameNumber],[modelNumber],[capability],[registerDate],[approvalDate],[annualCheckState],[secondMaintainDate],[assetBaseValue],[userID],[simCardNo],[vehicleState],[vehicleTypeID],[serviceExpireDate],[msgIntervel],[monitLevel],[speedLimitation]) VALUES(66,'13678741702','云A48318','A00053','','','',10,'2009-10-12 11:23:38','2009-8-18 0:00:00',1,'2010-8-18 0:00:00',NULL,58,'13678741702',1,1,NULL,NULL,1,NULL)
INSERT INTO [vehicle] ([vehicleID],[deviceID],[licensPadNumber],[internalNumber],[engineNumber],[frameNumber],[modelNumber],[capability],[registerDate],[approvalDate],[annualCheckState],[secondMaintainDate],[assetBaseValue],[userID],[simCardNo],[vehicleState],[vehicleTypeID],[serviceExpireDate],[msgIntervel],[monitLevel],[speedLimitation]) VALUES(67,'15198734018','云A48346','A00055','','','',10,'2009-10-12 0:00:00','2009-8-18 0:00:00',1,'2010-8-18 0:00:00',NULL,58,'15198734018',1,1,NULL,NULL,1,NULL)
INSERT INTO [vehicle] ([vehicleID],[deviceID],[licensPadNumber],[internalNumber],[engineNumber],[frameNumber],[modelNumber],[capability],[registerDate],[approvalDate],[annualCheckState],[secondMaintainDate],[assetBaseValue],[userID],[simCardNo],[vehicleState],[vehicleTypeID],[serviceExpireDate],[msgIntervel],[monitLevel],[speedLimitation]) VALUES(68,'15198949967','云AFK110','A00056','','','',10,'2009-10-12 0:00:00','2009-8-18 0:00:00',1,'2010-8-18 0:00:00',NULL,92,'15198949967',1,1,NULL,NULL,1,NULL)
INSERT INTO [vehicle] ([vehicleID],[deviceID],[licensPadNumber],[internalNumber],[engineNumber],[frameNumber],[modelNumber],[capability],[registerDate],[approvalDate],[annualCheckState],[secondMaintainDate],[assetBaseValue],[userID],[simCardNo],[vehicleState],[vehicleTypeID],[serviceExpireDate],[msgIntervel],[monitLevel],[speedLimitation]) VALUES(69,'15198954671','云A48330','A00057','','','',10,'2009-10-12 0:00:00','2009-8-18 0:00:00',1,'2010-8-18 0:00:00',NULL,58,'15198954671',1,1,NULL,NULL,1,NULL)
INSERT INTO [vehicle] ([vehicleID],[deviceID],[licensPadNumber],[internalNumber],[engineNumber],[frameNumber],[modelNumber],[capability],[registerDate],[approvalDate],[annualCheckState],[secondMaintainDate],[assetBaseValue],[userID],[simCardNo],[vehicleState],[vehicleTypeID],[serviceExpireDate],[msgIntervel],[monitLevel],[speedLimitation]) VALUES(70,'15198949380','云L18598','A00058','','','',10,'2009-10-12 0:00:00','2009-8-18 0:00:00',1,'2010-8-18 0:00:00',NULL,58,'15198949380',1,1,NULL,NULL,1,NULL)
INSERT INTO [vehicle] ([vehicleID],[deviceID],[licensPadNumber],[internalNumber],[engineNumber],[frameNumber],[modelNumber],[capability],[registerDate],[approvalDate],[annualCheckState],[secondMaintainDate],[assetBaseValue],[userID],[simCardNo],[vehicleState],[vehicleTypeID],[serviceExpireDate],[msgIntervel],[monitLevel],[speedLimitation]) VALUES(71,'15198952361','云A77789','A00059','','','',10,'2009-10-12 0:00:00','2009-8-18 0:00:00',1,'2010-8-18 0:00:00',NULL,93,'15198952361',1,1,NULL,NULL,1,NULL)
INSERT INTO [vehicle] ([vehicleID],[deviceID],[licensPadNumber],[internalNumber],[engineNumber],[frameNumber],[modelNumber],[capability],[registerDate],[approvalDate],[annualCheckState],[secondMaintainDate],[assetBaseValue],[userID],[simCardNo],[vehicleState],[vehicleTypeID],[serviceExpireDate],[msgIntervel],[monitLevel],[speedLimitation]) VALUES(72,'15198714376','云A86219','A00060','','','',10,'2009-10-16 0:00:00','2009-10-16 0:00:00',1,'2010-10-16 0:00:00',NULL,88,'15198714376',1,1,NULL,NULL,1,NULL)
INSERT INTO [vehicle] ([vehicleID],[deviceID],[licensPadNumber],[internalNumber],[engineNumber],[frameNumber],[modelNumber],[capability],[registerDate],[approvalDate],[annualCheckState],[secondMaintainDate],[assetBaseValue],[userID],[simCardNo],[vehicleState],[vehicleTypeID],[serviceExpireDate],[msgIntervel],[monitLevel],[speedLimitation]) VALUES(73,'15198951465','云A48296','A00049','','','',10,'2009-10-18 23:48:15','2009-10-18 0:00:00',1,'2010-8-18 0:00:00',5,58,'15198951465',1,1,NULL,NULL,1,NULL)
INSERT INTO [vehicle] ([vehicleID],[deviceID],[licensPadNumber],[internalNumber],[engineNumber],[frameNumber],[modelNumber],[capability],[registerDate],[approvalDate],[annualCheckState],[secondMaintainDate],[assetBaseValue],[userID],[simCardNo],[vehicleState],[vehicleTypeID],[serviceExpireDate],[msgIntervel],[monitLevel],[speedLimitation]) VALUES(74,'15198941822','云A68919','A00061','','','',10,'2009-10-28 0:00:00','2009-10-28 0:00:00',1,'2010-10-28 0:00:00',NULL,107,'15198941822',1,1,NULL,NULL,1,NULL)
INSERT INTO [vehicle] ([vehicleID],[deviceID],[licensPadNumber],[internalNumber],[engineNumber],[frameNumber],[modelNumber],[capability],[registerDate],[approvalDate],[annualCheckState],[secondMaintainDate],[assetBaseValue],[userID],[simCardNo],[vehicleState],[vehicleTypeID],[serviceExpireDate],[msgIntervel],[monitLevel],[speedLimitation]) VALUES(75,'15198940253','云A62519','A00062','','','',10,'2009-10-28 15:09:12','2009-10-28 0:00:00',1,'2010-10-28 0:00:00',NULL,108,'15198940253',1,1,NULL,NULL,1,NULL)
INSERT INTO [vehicle] ([vehicleID],[deviceID],[licensPadNumber],[internalNumber],[engineNumber],[frameNumber],[modelNumber],[capability],[registerDate],[approvalDate],[annualCheckState],[secondMaintainDate],[assetBaseValue],[userID],[simCardNo],[vehicleState],[vehicleTypeID],[serviceExpireDate],[msgIntervel],[monitLevel],[speedLimitation]) VALUES(76,'15198958001','云A88186','A00063','','','',10,'2009-11-18 15:56:04','2009-11-11 0:00:00',1,'2010-11-11 0:00:00',NULL,109,'15198958001',1,1,NULL,NULL,1,NULL)
INSERT INTO [vehicle] ([vehicleID],[deviceID],[licensPadNumber],[internalNumber],[engineNumber],[frameNumber],[modelNumber],[capability],[registerDate],[approvalDate],[annualCheckState],[secondMaintainDate],[assetBaseValue],[userID],[simCardNo],[vehicleState],[vehicleTypeID],[serviceExpireDate],[msgIntervel],[monitLevel],[speedLimitation]) VALUES(77,'15198742056','云A70318','A00064','','','',10,'2009-11-18 15:57:00','2009-11-11 0:00:00',1,'2010-11-11 0:00:00',NULL,110,'15198742056',1,1,NULL,NULL,1,NULL)
INSERT INTO [vehicle] ([vehicleID],[deviceID],[licensPadNumber],[internalNumber],[engineNumber],[frameNumber],[modelNumber],[capability],[registerDate],[approvalDate],[annualCheckState],[secondMaintainDate],[assetBaseValue],[userID],[simCardNo],[vehicleState],[vehicleTypeID],[serviceExpireDate],[msgIntervel],[monitLevel],[speedLimitation]) VALUES(78,'15198757639','云A71083','A00065','','','',10,'2009-11-18 15:57:44','2009-11-11 0:00:00',1,'2010-11-11 0:00:00',NULL,111,'15198757639',1,1,NULL,NULL,1,NULL)
INSERT INTO [vehicle] ([vehicleID],[deviceID],[licensPadNumber],[internalNumber],[engineNumber],[frameNumber],[modelNumber],[capability],[registerDate],[approvalDate],[annualCheckState],[secondMaintainDate],[assetBaseValue],[userID],[simCardNo],[vehicleState],[vehicleTypeID],[serviceExpireDate],[msgIntervel],[monitLevel],[speedLimitation]) VALUES(79,'15198955906','云AW1668','A00067','','','',10,'2010-3-1 11:22:58','2010-3-1 0:00:00',1,'2011-4-1 0:00:00',NULL,112,'15198955906',1,1,NULL,NULL,1,NULL)
SET IDENTITY_INSERT [vehicle] OFF


Print 'starting import regionTypeDic (3 records)'
SET IDENTITY_INSERT [regionTypeDic] ON
INSERT INTO [regionTypeDic] ([regionTypeID],[regionTypeName],[description],[stateTag]) VALUES(1,'加油站','',1)
INSERT INTO [regionTypeDic] ([regionTypeID],[regionTypeName],[description],[stateTag]) VALUES(2,'宾馆','',1)
INSERT INTO [regionTypeDic] ([regionTypeID],[regionTypeName],[description],[stateTag]) VALUES(3,'常驻地','',2)
SET IDENTITY_INSERT [regionTypeDic] OFF


Print 'starting import role (8 records)'
SET IDENTITY_INSERT [role] ON
INSERT INTO [role] ([roleName],[roleID],[description]) VALUES('平台管理员',1,'平台管理员')
INSERT INTO [role] ([roleName],[roleID],[description]) VALUES('企业管理员',2,'企业管理员')
INSERT INTO [role] ([roleName],[roleID],[description]) VALUES('规则管理员',3,'规则管理员')
INSERT INTO [role] ([roleName],[roleID],[description]) VALUES('查询调度员',4,'查询调度员')
INSERT INTO [role] ([roleName],[roleID],[description]) VALUES('其他运输企业管理者',10,'其他运输企业管理者')
INSERT INTO [role] ([roleName],[roleID],[description]) VALUES('车辆所有者',11,'车辆所有者')
INSERT INTO [role] ([roleName],[roleID],[description]) VALUES('监管用户',12,'监管用户')
INSERT INTO [role] ([roleName],[roleID],[description]) VALUES('禁用用户',-1,'禁用用户')
SET IDENTITY_INSERT [role] OFF

Print 'starting import rules (1 records)'
SET IDENTITY_INSERT [rules] ON
INSERT INTO [rules] ([ruleID],[ruleName],[intParam1],[timeParam],[opType],[ruleType],[ruleState],[AlertTypeID]) VALUES(1,'疲劳驾驶',8,NULL,1,2,1,2)
SET IDENTITY_INSERT [rules] OFF


Print 'starting import stateHelper (78 records)'
INSERT INTO [stateHelper] ([lastMessage],[lastUpdate],[lastUpdateType],[lastStopTime],[startRuningTime],[vehicleID]) VALUES('2009-7-26 18:23:55','2009-7-26 18:23:55',NULL,NULL,NULL,1)
INSERT INTO [stateHelper] ([lastMessage],[lastUpdate],[lastUpdateType],[lastStopTime],[startRuningTime],[vehicleID]) VALUES('2010-3-8 21:43:13','2010-3-8 21:43:13',NULL,'2010-3-8 21:43:13','2010-3-6 19:10:27',2)
INSERT INTO [stateHelper] ([lastMessage],[lastUpdate],[lastUpdateType],[lastStopTime],[startRuningTime],[vehicleID]) VALUES('2010-3-8 21:42:23','2010-3-8 21:42:23',NULL,'2010-3-8 21:42:23','2010-3-8 15:36:54',3)
INSERT INTO [stateHelper] ([lastMessage],[lastUpdate],[lastUpdateType],[lastStopTime],[startRuningTime],[vehicleID]) VALUES('2010-3-8 21:43:26','2010-3-8 21:43:26',NULL,'2010-3-8 21:43:26','2010-3-8 9:42:08',4)
INSERT INTO [stateHelper] ([lastMessage],[lastUpdate],[lastUpdateType],[lastStopTime],[startRuningTime],[vehicleID]) VALUES('2010-3-8 21:43:33','2010-3-8 21:43:33',NULL,'2010-3-8 21:43:33','2010-3-6 19:10:24',5)
INSERT INTO [stateHelper] ([lastMessage],[lastUpdate],[lastUpdateType],[lastStopTime],[startRuningTime],[vehicleID]) VALUES(NULL,NULL,NULL,NULL,NULL,6)
INSERT INTO [stateHelper] ([lastMessage],[lastUpdate],[lastUpdateType],[lastStopTime],[startRuningTime],[vehicleID]) VALUES(NULL,NULL,NULL,NULL,NULL,7)
INSERT INTO [stateHelper] ([lastMessage],[lastUpdate],[lastUpdateType],[lastStopTime],[startRuningTime],[vehicleID]) VALUES(NULL,NULL,NULL,NULL,NULL,8)
INSERT INTO [stateHelper] ([lastMessage],[lastUpdate],[lastUpdateType],[lastStopTime],[startRuningTime],[vehicleID]) VALUES('2009-7-8 11:13:05','2009-7-8 11:13:05',NULL,'2009-7-7 11:03:45','2009-7-8 11:13:05',9)
INSERT INTO [stateHelper] ([lastMessage],[lastUpdate],[lastUpdateType],[lastStopTime],[startRuningTime],[vehicleID]) VALUES(NULL,NULL,NULL,NULL,NULL,14)
INSERT INTO [stateHelper] ([lastMessage],[lastUpdate],[lastUpdateType],[lastStopTime],[startRuningTime],[vehicleID]) VALUES('2010-3-8 14:36:45','2010-3-8 14:36:45',NULL,'2010-3-8 14:36:45','2010-3-8 9:52:47',10)
INSERT INTO [stateHelper] ([lastMessage],[lastUpdate],[lastUpdateType],[lastStopTime],[startRuningTime],[vehicleID]) VALUES('2009-7-26 10:50:19','2009-7-26 10:50:19',NULL,'2009-7-25 10:24:17','2009-7-26 9:02:52',11)
INSERT INTO [stateHelper] ([lastMessage],[lastUpdate],[lastUpdateType],[lastStopTime],[startRuningTime],[vehicleID]) VALUES('2010-3-8 20:36:11','2010-3-8 20:36:11',NULL,'2010-3-8 20:18:32','2010-3-8 20:20:34',12)
INSERT INTO [stateHelper] ([lastMessage],[lastUpdate],[lastUpdateType],[lastStopTime],[startRuningTime],[vehicleID]) VALUES('2009-9-12 9:49:39','2009-9-12 9:49:39',NULL,'2009-9-12 9:49:39','2009-9-11 10:12:36',15)
INSERT INTO [stateHelper] ([lastMessage],[lastUpdate],[lastUpdateType],[lastStopTime],[startRuningTime],[vehicleID]) VALUES('2010-1-17 11:54:13','2010-1-17 11:54:13',NULL,'2010-1-17 11:54:13','2010-1-17 10:43:38',16)
INSERT INTO [stateHelper] ([lastMessage],[lastUpdate],[lastUpdateType],[lastStopTime],[startRuningTime],[vehicleID]) VALUES('2009-10-12 10:57:14','2009-10-12 10:57:14',NULL,'2009-10-12 10:02:46','2009-10-12 10:04:49',13)
INSERT INTO [stateHelper] ([lastMessage],[lastUpdate],[lastUpdateType],[lastStopTime],[startRuningTime],[vehicleID]) VALUES('2009-10-28 14:59:15','2009-10-28 14:59:15',NULL,'2009-10-28 14:59:15','2009-10-28 13:00:47',17)
INSERT INTO [stateHelper] ([lastMessage],[lastUpdate],[lastUpdateType],[lastStopTime],[startRuningTime],[vehicleID]) VALUES('2010-1-11 11:46:44','2010-1-11 11:46:44',NULL,'2010-1-11 11:46:44','2010-1-8 11:17:18',18)
INSERT INTO [stateHelper] ([lastMessage],[lastUpdate],[lastUpdateType],[lastStopTime],[startRuningTime],[vehicleID]) VALUES('2010-3-5 6:59:06','2010-3-5 6:59:06',NULL,'2010-3-5 6:59:06','2010-3-5 2:13:42',19)
INSERT INTO [stateHelper] ([lastMessage],[lastUpdate],[lastUpdateType],[lastStopTime],[startRuningTime],[vehicleID]) VALUES('2010-3-4 0:16:27','2010-3-4 0:16:27',NULL,'2010-3-4 0:16:27','2010-3-3 18:10:50',20)
INSERT INTO [stateHelper] ([lastMessage],[lastUpdate],[lastUpdateType],[lastStopTime],[startRuningTime],[vehicleID]) VALUES('2009-11-30 17:42:25','2009-11-30 17:42:26',NULL,'2009-11-30 17:30:38','2009-11-30 17:32:39',21)
INSERT INTO [stateHelper] ([lastMessage],[lastUpdate],[lastUpdateType],[lastStopTime],[startRuningTime],[vehicleID]) VALUES('2010-3-8 21:42:52','2010-3-8 21:42:52',NULL,'2010-3-8 21:42:52','2010-3-8 16:55:46',22)
INSERT INTO [stateHelper] ([lastMessage],[lastUpdate],[lastUpdateType],[lastStopTime],[startRuningTime],[vehicleID]) VALUES(NULL,NULL,NULL,NULL,NULL,24)
INSERT INTO [stateHelper] ([lastMessage],[lastUpdate],[lastUpdateType],[lastStopTime],[startRuningTime],[vehicleID]) VALUES('2010-3-8 21:44:02','2010-3-8 21:44:02',NULL,'2010-3-8 20:50:49','2010-3-8 20:52:50',25)
INSERT INTO [stateHelper] ([lastMessage],[lastUpdate],[lastUpdateType],[lastStopTime],[startRuningTime],[vehicleID]) VALUES('2009-8-5 11:10:25','2009-8-5 11:10:25',NULL,NULL,'2009-8-5 11:10:25',26)
INSERT INTO [stateHelper] ([lastMessage],[lastUpdate],[lastUpdateType],[lastStopTime],[startRuningTime],[vehicleID]) VALUES('2009-10-18 23:34:01','2009-10-18 23:34:01',NULL,'2009-10-18 23:34:01','2009-10-18 19:32:57',27)
INSERT INTO [stateHelper] ([lastMessage],[lastUpdate],[lastUpdateType],[lastStopTime],[startRuningTime],[vehicleID]) VALUES('2009-8-4 12:00:14','2009-8-4 12:00:15',NULL,'2009-8-1 9:30:16','2009-8-4 12:00:15',28)
INSERT INTO [stateHelper] ([lastMessage],[lastUpdate],[lastUpdateType],[lastStopTime],[startRuningTime],[vehicleID]) VALUES('2010-3-8 21:43:34','2010-3-8 21:43:34',NULL,'2010-3-8 21:43:34','2010-3-8 19:37:04',29)
INSERT INTO [stateHelper] ([lastMessage],[lastUpdate],[lastUpdateType],[lastStopTime],[startRuningTime],[vehicleID]) VALUES('2009-8-4 11:57:37','2009-8-4 11:57:37',NULL,NULL,'2009-8-4 11:47:06',31)
INSERT INTO [stateHelper] ([lastMessage],[lastUpdate],[lastUpdateType],[lastStopTime],[startRuningTime],[vehicleID]) VALUES('2009-9-16 23:09:21','2009-9-16 23:09:21',NULL,'2009-9-16 23:09:21','2009-9-16 21:16:55',32)
INSERT INTO [stateHelper] ([lastMessage],[lastUpdate],[lastUpdateType],[lastStopTime],[startRuningTime],[vehicleID]) VALUES('2010-3-8 21:44:12','2010-3-8 21:44:12',NULL,'2010-3-8 21:44:12','2010-3-8 18:35:27',33)
INSERT INTO [stateHelper] ([lastMessage],[lastUpdate],[lastUpdateType],[lastStopTime],[startRuningTime],[vehicleID]) VALUES('2010-1-30 21:51:43','2010-1-30 21:51:43',NULL,'2010-1-30 21:51:43','2009-12-8 4:05:47',34)
INSERT INTO [stateHelper] ([lastMessage],[lastUpdate],[lastUpdateType],[lastStopTime],[startRuningTime],[vehicleID]) VALUES(NULL,NULL,NULL,NULL,NULL,35)
INSERT INTO [stateHelper] ([lastMessage],[lastUpdate],[lastUpdateType],[lastStopTime],[startRuningTime],[vehicleID]) VALUES(NULL,NULL,NULL,NULL,NULL,36)
INSERT INTO [stateHelper] ([lastMessage],[lastUpdate],[lastUpdateType],[lastStopTime],[startRuningTime],[vehicleID]) VALUES('2010-3-8 20:06:40','2010-3-8 20:06:40',NULL,'2010-3-8 20:06:40','2010-3-8 14:33:01',30)
INSERT INTO [stateHelper] ([lastMessage],[lastUpdate],[lastUpdateType],[lastStopTime],[startRuningTime],[vehicleID]) VALUES('2009-8-6 15:41:03','2009-8-6 15:41:03',NULL,NULL,NULL,37)
INSERT INTO [stateHelper] ([lastMessage],[lastUpdate],[lastUpdateType],[lastStopTime],[startRuningTime],[vehicleID]) VALUES('2009-11-22 18:43:37','2009-11-22 18:43:37',NULL,'2009-11-22 18:43:37','2009-9-16 19:51:48',38)
INSERT INTO [stateHelper] ([lastMessage],[lastUpdate],[lastUpdateType],[lastStopTime],[startRuningTime],[vehicleID]) VALUES('2010-3-8 21:43:57','2010-3-8 21:43:57',NULL,'2010-3-8 21:43:57','2010-3-8 18:46:15',39)
INSERT INTO [stateHelper] ([lastMessage],[lastUpdate],[lastUpdateType],[lastStopTime],[startRuningTime],[vehicleID]) VALUES('2009-8-14 3:57:16','2009-8-14 3:57:16',NULL,NULL,'2009-8-13 19:25:13',40)
INSERT INTO [stateHelper] ([lastMessage],[lastUpdate],[lastUpdateType],[lastStopTime],[startRuningTime],[vehicleID]) VALUES('2010-3-8 21:43:43','2010-3-8 21:43:43',NULL,'2010-3-8 21:43:43','2010-3-8 17:25:42',41)
INSERT INTO [stateHelper] ([lastMessage],[lastUpdate],[lastUpdateType],[lastStopTime],[startRuningTime],[vehicleID]) VALUES('2010-2-7 23:01:32','2010-2-7 23:01:32',NULL,'2010-2-7 23:01:32','2010-2-7 12:07:22',48)
INSERT INTO [stateHelper] ([lastMessage],[lastUpdate],[lastUpdateType],[lastStopTime],[startRuningTime],[vehicleID]) VALUES('2009-12-2 18:18:10','2009-12-2 18:18:10',NULL,'2009-12-2 17:09:54','2009-12-2 17:11:54',49)
INSERT INTO [stateHelper] ([lastMessage],[lastUpdate],[lastUpdateType],[lastStopTime],[startRuningTime],[vehicleID]) VALUES('2010-3-8 21:43:27','2010-3-8 21:43:27',NULL,'2010-3-8 21:43:27','2010-3-8 14:02:35',42)
INSERT INTO [stateHelper] ([lastMessage],[lastUpdate],[lastUpdateType],[lastStopTime],[startRuningTime],[vehicleID]) VALUES('2010-3-8 21:42:47','2010-3-8 21:42:47',NULL,'2010-3-8 21:42:47','2010-3-8 15:51:23',43)
INSERT INTO [stateHelper] ([lastMessage],[lastUpdate],[lastUpdateType],[lastStopTime],[startRuningTime],[vehicleID]) VALUES('2010-3-8 21:41:43','2010-3-8 21:41:43',NULL,'2010-3-8 21:41:43','2010-3-8 19:28:07',44)
INSERT INTO [stateHelper] ([lastMessage],[lastUpdate],[lastUpdateType],[lastStopTime],[startRuningTime],[vehicleID]) VALUES('2010-3-8 21:43:45','2010-3-8 21:43:45',NULL,'2010-3-8 21:43:45','2010-3-8 13:00:37',45)
INSERT INTO [stateHelper] ([lastMessage],[lastUpdate],[lastUpdateType],[lastStopTime],[startRuningTime],[vehicleID]) VALUES('2010-3-8 21:42:57','2010-3-8 21:42:57',NULL,'2010-3-8 21:42:57','2010-3-8 12:18:39',46)
INSERT INTO [stateHelper] ([lastMessage],[lastUpdate],[lastUpdateType],[lastStopTime],[startRuningTime],[vehicleID]) VALUES('2010-3-8 21:43:29','2010-3-8 21:43:29',NULL,'2010-3-8 21:43:29','2010-3-8 16:38:22',47)
INSERT INTO [stateHelper] ([lastMessage],[lastUpdate],[lastUpdateType],[lastStopTime],[startRuningTime],[vehicleID]) VALUES('2010-3-8 21:42:55','2010-3-8 21:42:55',NULL,'2010-3-8 17:45:56','2010-3-8 17:47:56',50)
INSERT INTO [stateHelper] ([lastMessage],[lastUpdate],[lastUpdateType],[lastStopTime],[startRuningTime],[vehicleID]) VALUES('2010-3-8 21:43:49','2010-3-8 21:43:49',NULL,'2010-3-8 21:43:49','2010-3-8 17:56:58',51)
INSERT INTO [stateHelper] ([lastMessage],[lastUpdate],[lastUpdateType],[lastStopTime],[startRuningTime],[vehicleID]) VALUES('2010-3-3 18:44:56','2010-3-3 18:44:56',NULL,'2010-3-3 18:44:56','2009-12-10 16:43:31',52)
INSERT INTO [stateHelper] ([lastMessage],[lastUpdate],[lastUpdateType],[lastStopTime],[startRuningTime],[vehicleID]) VALUES('2010-3-8 21:42:48','2010-3-8 21:42:48',NULL,'2010-3-8 21:42:48','2010-3-6 14:06:23',53)
INSERT INTO [stateHelper] ([lastMessage],[lastUpdate],[lastUpdateType],[lastStopTime],[startRuningTime],[vehicleID]) VALUES('2010-3-8 21:40:55','2010-3-8 21:40:55',NULL,'2010-3-8 21:40:55','2010-3-8 17:25:53',54)
INSERT INTO [stateHelper] ([lastMessage],[lastUpdate],[lastUpdateType],[lastStopTime],[startRuningTime],[vehicleID]) VALUES('2009-11-5 0:21:13','2009-11-5 0:21:13',NULL,'2009-11-5 0:21:13','2009-11-4 18:01:32',56)
INSERT INTO [stateHelper] ([lastMessage],[lastUpdate],[lastUpdateType],[lastStopTime],[startRuningTime],[vehicleID]) VALUES('2010-2-7 23:14:48','2010-2-7 23:14:48',NULL,'2010-2-7 23:14:48','2010-1-27 9:53:45',57)
INSERT INTO [stateHelper] ([lastMessage],[lastUpdate],[lastUpdateType],[lastStopTime],[startRuningTime],[vehicleID]) VALUES('2009-11-15 17:43:03','2009-11-15 17:43:03',NULL,'2009-11-15 17:43:03','2009-11-15 17:15:46',58)
INSERT INTO [stateHelper] ([lastMessage],[lastUpdate],[lastUpdateType],[lastStopTime],[startRuningTime],[vehicleID]) VALUES('2010-3-3 3:11:49','2010-3-3 3:11:49',NULL,'2010-3-3 3:11:49','2010-3-2 17:32:52',59)
INSERT INTO [stateHelper] ([lastMessage],[lastUpdate],[lastUpdateType],[lastStopTime],[startRuningTime],[vehicleID]) VALUES('2009-12-14 23:27:03','2009-12-14 23:27:03',NULL,'2009-12-14 23:27:03','2009-12-14 17:10:33',60)
INSERT INTO [stateHelper] ([lastMessage],[lastUpdate],[lastUpdateType],[lastStopTime],[startRuningTime],[vehicleID]) VALUES('2010-3-8 21:43:01','2010-3-8 21:43:01',NULL,'2010-3-8 21:11:53','2010-3-8 21:13:54',61)
INSERT INTO [stateHelper] ([lastMessage],[lastUpdate],[lastUpdateType],[lastStopTime],[startRuningTime],[vehicleID]) VALUES('2010-3-8 21:43:58','2010-3-8 21:43:58',NULL,'2010-3-8 21:43:58','2010-3-8 20:46:44',62)
INSERT INTO [stateHelper] ([lastMessage],[lastUpdate],[lastUpdateType],[lastStopTime],[startRuningTime],[vehicleID]) VALUES('2010-3-8 21:44:01','2010-3-8 21:44:01',NULL,'2010-3-8 21:44:01','2010-3-8 15:53:38',55)
INSERT INTO [stateHelper] ([lastMessage],[lastUpdate],[lastUpdateType],[lastStopTime],[startRuningTime],[vehicleID]) VALUES('2010-3-8 21:43:35','2010-3-8 21:43:35',NULL,'2010-3-8 21:43:35','2010-3-7 20:43:21',63)
INSERT INTO [stateHelper] ([lastMessage],[lastUpdate],[lastUpdateType],[lastStopTime],[startRuningTime],[vehicleID]) VALUES(NULL,NULL,NULL,NULL,NULL,64)
INSERT INTO [stateHelper] ([lastMessage],[lastUpdate],[lastUpdateType],[lastStopTime],[startRuningTime],[vehicleID]) VALUES('2010-3-8 21:43:07','2010-3-8 21:43:07',NULL,'2010-3-8 21:43:07','2010-3-8 17:09:54',65)
INSERT INTO [stateHelper] ([lastMessage],[lastUpdate],[lastUpdateType],[lastStopTime],[startRuningTime],[vehicleID]) VALUES('2010-3-8 21:44:32','2010-3-8 21:44:32',NULL,'2010-3-8 21:44:32','2010-3-8 16:37:52',66)
INSERT INTO [stateHelper] ([lastMessage],[lastUpdate],[lastUpdateType],[lastStopTime],[startRuningTime],[vehicleID]) VALUES('2010-3-8 21:42:39','2010-3-8 21:42:39',NULL,'2010-3-8 21:09:26','2010-3-8 21:11:27',67)
INSERT INTO [stateHelper] ([lastMessage],[lastUpdate],[lastUpdateType],[lastStopTime],[startRuningTime],[vehicleID]) VALUES('2010-3-8 21:43:44','2010-3-8 21:43:44',NULL,'2010-3-8 21:43:44','2010-3-8 11:53:21',68)
INSERT INTO [stateHelper] ([lastMessage],[lastUpdate],[lastUpdateType],[lastStopTime],[startRuningTime],[vehicleID]) VALUES('2010-2-7 23:14:26','2010-2-7 23:14:26',NULL,'2010-2-7 23:14:26','2010-2-5 20:18:30',69)
INSERT INTO [stateHelper] ([lastMessage],[lastUpdate],[lastUpdateType],[lastStopTime],[startRuningTime],[vehicleID]) VALUES('2010-3-8 21:42:48','2010-3-8 21:42:48',NULL,'2010-3-8 21:42:48','2010-2-4 12:16:23',70)
INSERT INTO [stateHelper] ([lastMessage],[lastUpdate],[lastUpdateType],[lastStopTime],[startRuningTime],[vehicleID]) VALUES('2010-3-8 21:43:45','2010-3-8 21:43:45',NULL,'2010-3-8 21:43:45','2010-3-8 19:35:15',71)
INSERT INTO [stateHelper] ([lastMessage],[lastUpdate],[lastUpdateType],[lastStopTime],[startRuningTime],[vehicleID]) VALUES('2010-3-8 21:43:09','2010-3-8 21:43:09',NULL,'2010-3-8 21:43:09','2010-3-8 16:37:59',72)
INSERT INTO [stateHelper] ([lastMessage],[lastUpdate],[lastUpdateType],[lastStopTime],[startRuningTime],[vehicleID]) VALUES('2010-3-8 21:43:36','2010-3-8 21:43:36',NULL,'2010-3-8 21:10:29','2010-3-8 21:12:29',73)
INSERT INTO [stateHelper] ([lastMessage],[lastUpdate],[lastUpdateType],[lastStopTime],[startRuningTime],[vehicleID]) VALUES('2010-3-8 21:44:22','2010-3-8 21:44:22',NULL,'2010-3-8 21:44:22','2010-3-7 20:38:58',74)
INSERT INTO [stateHelper] ([lastMessage],[lastUpdate],[lastUpdateType],[lastStopTime],[startRuningTime],[vehicleID]) VALUES('2009-11-4 13:31:06','2009-11-4 13:31:06',NULL,'2009-11-2 3:37:01','2009-11-4 13:31:06',75)
INSERT INTO [stateHelper] ([lastMessage],[lastUpdate],[lastUpdateType],[lastStopTime],[startRuningTime],[vehicleID]) VALUES('2010-3-8 21:42:06','2010-3-8 21:42:06',NULL,'2010-3-8 21:42:06','2010-3-8 14:17:14',76)
INSERT INTO [stateHelper] ([lastMessage],[lastUpdate],[lastUpdateType],[lastStopTime],[startRuningTime],[vehicleID]) VALUES(NULL,NULL,NULL,NULL,NULL,77)
INSERT INTO [stateHelper] ([lastMessage],[lastUpdate],[lastUpdateType],[lastStopTime],[startRuningTime],[vehicleID]) VALUES('2010-3-8 21:43:27','2010-3-8 21:43:27',NULL,'2010-3-8 19:20:53','2010-3-8 19:22:53',78)
INSERT INTO [stateHelper] ([lastMessage],[lastUpdate],[lastUpdateType],[lastStopTime],[startRuningTime],[vehicleID]) VALUES('2010-3-8 21:43:13','2010-3-8 21:43:13',NULL,'2010-3-8 21:43:13','2010-3-6 17:05:48',79)


Print 'starting import userRole (106 records)'
SET IDENTITY_INSERT [userRole] ON
INSERT INTO [userRole] ([ID],[userID],[roleID]) VALUES(1,1,1)
INSERT INTO [userRole] ([ID],[userID],[roleID]) VALUES(65,59,11)
INSERT INTO [userRole] ([ID],[userID],[roleID]) VALUES(3,3,11)
INSERT INTO [userRole] ([ID],[userID],[roleID]) VALUES(4,4,11)
INSERT INTO [userRole] ([ID],[userID],[roleID]) VALUES(5,5,11)
INSERT INTO [userRole] ([ID],[userID],[roleID]) VALUES(6,6,11)
INSERT INTO [userRole] ([ID],[userID],[roleID]) VALUES(7,7,11)
INSERT INTO [userRole] ([ID],[userID],[roleID]) VALUES(8,8,11)
INSERT INTO [userRole] ([ID],[userID],[roleID]) VALUES(9,9,11)
INSERT INTO [userRole] ([ID],[userID],[roleID]) VALUES(10,10,11)
INSERT INTO [userRole] ([ID],[userID],[roleID]) VALUES(14,12,11)
INSERT INTO [userRole] ([ID],[userID],[roleID]) VALUES(15,13,11)
INSERT INTO [userRole] ([ID],[userID],[roleID]) VALUES(13,11,11)
INSERT INTO [userRole] ([ID],[userID],[roleID]) VALUES(16,14,11)
INSERT INTO [userRole] ([ID],[userID],[roleID]) VALUES(17,15,11)
INSERT INTO [userRole] ([ID],[userID],[roleID]) VALUES(24,22,11)
INSERT INTO [userRole] ([ID],[userID],[roleID]) VALUES(26,24,11)
INSERT INTO [userRole] ([ID],[userID],[roleID]) VALUES(27,25,11)
INSERT INTO [userRole] ([ID],[userID],[roleID]) VALUES(29,27,11)
INSERT INTO [userRole] ([ID],[userID],[roleID]) VALUES(18,16,11)
INSERT INTO [userRole] ([ID],[userID],[roleID]) VALUES(19,17,11)
INSERT INTO [userRole] ([ID],[userID],[roleID]) VALUES(21,19,11)
INSERT INTO [userRole] ([ID],[userID],[roleID]) VALUES(23,21,11)
INSERT INTO [userRole] ([ID],[userID],[roleID]) VALUES(30,28,11)
INSERT INTO [userRole] ([ID],[userID],[roleID]) VALUES(20,18,11)
INSERT INTO [userRole] ([ID],[userID],[roleID]) VALUES(22,20,11)
INSERT INTO [userRole] ([ID],[userID],[roleID]) VALUES(25,23,11)
INSERT INTO [userRole] ([ID],[userID],[roleID]) VALUES(28,26,11)
INSERT INTO [userRole] ([ID],[userID],[roleID]) VALUES(31,29,11)
INSERT INTO [userRole] ([ID],[userID],[roleID]) VALUES(32,30,11)
INSERT INTO [userRole] ([ID],[userID],[roleID]) VALUES(33,31,11)
INSERT INTO [userRole] ([ID],[userID],[roleID]) VALUES(34,32,11)
INSERT INTO [userRole] ([ID],[userID],[roleID]) VALUES(35,33,11)
INSERT INTO [userRole] ([ID],[userID],[roleID]) VALUES(41,39,11)
INSERT INTO [userRole] ([ID],[userID],[roleID]) VALUES(42,40,11)
INSERT INTO [userRole] ([ID],[userID],[roleID]) VALUES(43,41,11)
INSERT INTO [userRole] ([ID],[userID],[roleID]) VALUES(44,42,11)
INSERT INTO [userRole] ([ID],[userID],[roleID]) VALUES(36,34,11)
INSERT INTO [userRole] ([ID],[userID],[roleID]) VALUES(37,35,11)
INSERT INTO [userRole] ([ID],[userID],[roleID]) VALUES(38,36,11)
INSERT INTO [userRole] ([ID],[userID],[roleID]) VALUES(39,37,11)
INSERT INTO [userRole] ([ID],[userID],[roleID]) VALUES(40,38,11)
INSERT INTO [userRole] ([ID],[userID],[roleID]) VALUES(53,48,12)
INSERT INTO [userRole] ([ID],[userID],[roleID]) VALUES(55,50,11)
INSERT INTO [userRole] ([ID],[userID],[roleID]) VALUES(56,51,11)
INSERT INTO [userRole] ([ID],[userID],[roleID]) VALUES(57,52,11)
INSERT INTO [userRole] ([ID],[userID],[roleID]) VALUES(58,53,11)
INSERT INTO [userRole] ([ID],[userID],[roleID]) VALUES(68,55,11)
INSERT INTO [userRole] ([ID],[userID],[roleID]) VALUES(69,60,11)
INSERT INTO [userRole] ([ID],[userID],[roleID]) VALUES(61,56,11)
INSERT INTO [userRole] ([ID],[userID],[roleID]) VALUES(67,54,11)
INSERT INTO [userRole] ([ID],[userID],[roleID]) VALUES(63,58,11)
INSERT INTO [userRole] ([ID],[userID],[roleID]) VALUES(64,2,2)
INSERT INTO [userRole] ([ID],[userID],[roleID]) VALUES(66,57,11)
INSERT INTO [userRole] ([ID],[userID],[roleID]) VALUES(70,61,11)
INSERT INTO [userRole] ([ID],[userID],[roleID]) VALUES(71,62,11)
INSERT INTO [userRole] ([ID],[userID],[roleID]) VALUES(72,63,11)
INSERT INTO [userRole] ([ID],[userID],[roleID]) VALUES(73,64,11)
INSERT INTO [userRole] ([ID],[userID],[roleID]) VALUES(74,65,11)
INSERT INTO [userRole] ([ID],[userID],[roleID]) VALUES(75,66,11)
INSERT INTO [userRole] ([ID],[userID],[roleID]) VALUES(76,67,11)
INSERT INTO [userRole] ([ID],[userID],[roleID]) VALUES(77,68,11)
INSERT INTO [userRole] ([ID],[userID],[roleID]) VALUES(78,69,11)
INSERT INTO [userRole] ([ID],[userID],[roleID]) VALUES(79,70,11)
INSERT INTO [userRole] ([ID],[userID],[roleID]) VALUES(80,71,11)
INSERT INTO [userRole] ([ID],[userID],[roleID]) VALUES(81,72,11)
INSERT INTO [userRole] ([ID],[userID],[roleID]) VALUES(82,73,11)
INSERT INTO [userRole] ([ID],[userID],[roleID]) VALUES(83,74,11)
INSERT INTO [userRole] ([ID],[userID],[roleID]) VALUES(84,75,11)
INSERT INTO [userRole] ([ID],[userID],[roleID]) VALUES(85,76,11)
INSERT INTO [userRole] ([ID],[userID],[roleID]) VALUES(86,77,11)
INSERT INTO [userRole] ([ID],[userID],[roleID]) VALUES(87,78,11)
INSERT INTO [userRole] ([ID],[userID],[roleID]) VALUES(88,79,11)
INSERT INTO [userRole] ([ID],[userID],[roleID]) VALUES(89,80,11)
INSERT INTO [userRole] ([ID],[userID],[roleID]) VALUES(90,81,11)
INSERT INTO [userRole] ([ID],[userID],[roleID]) VALUES(91,82,11)
INSERT INTO [userRole] ([ID],[userID],[roleID]) VALUES(92,83,11)
INSERT INTO [userRole] ([ID],[userID],[roleID]) VALUES(94,85,11)
INSERT INTO [userRole] ([ID],[userID],[roleID]) VALUES(95,86,11)
INSERT INTO [userRole] ([ID],[userID],[roleID]) VALUES(96,87,11)
INSERT INTO [userRole] ([ID],[userID],[roleID]) VALUES(97,88,11)
INSERT INTO [userRole] ([ID],[userID],[roleID]) VALUES(98,89,11)
INSERT INTO [userRole] ([ID],[userID],[roleID]) VALUES(118,93,11)
INSERT INTO [userRole] ([ID],[userID],[roleID]) VALUES(119,94,11)
INSERT INTO [userRole] ([ID],[userID],[roleID]) VALUES(120,105,11)
INSERT INTO [userRole] ([ID],[userID],[roleID]) VALUES(93,84,11)
INSERT INTO [userRole] ([ID],[userID],[roleID]) VALUES(122,107,11)
INSERT INTO [userRole] ([ID],[userID],[roleID]) VALUES(124,109,11)
INSERT INTO [userRole] ([ID],[userID],[roleID]) VALUES(106,96,11)
INSERT INTO [userRole] ([ID],[userID],[roleID]) VALUES(105,95,11)
INSERT INTO [userRole] ([ID],[userID],[roleID]) VALUES(107,97,11)
INSERT INTO [userRole] ([ID],[userID],[roleID]) VALUES(108,98,11)
INSERT INTO [userRole] ([ID],[userID],[roleID]) VALUES(109,99,11)
INSERT INTO [userRole] ([ID],[userID],[roleID]) VALUES(111,101,11)
INSERT INTO [userRole] ([ID],[userID],[roleID]) VALUES(112,102,11)
INSERT INTO [userRole] ([ID],[userID],[roleID]) VALUES(113,103,11)
INSERT INTO [userRole] ([ID],[userID],[roleID]) VALUES(114,104,11)
INSERT INTO [userRole] ([ID],[userID],[roleID]) VALUES(125,110,11)
INSERT INTO [userRole] ([ID],[userID],[roleID]) VALUES(126,111,11)
INSERT INTO [userRole] ([ID],[userID],[roleID]) VALUES(127,112,11)
INSERT INTO [userRole] ([ID],[userID],[roleID]) VALUES(110,100,11)
INSERT INTO [userRole] ([ID],[userID],[roleID]) VALUES(115,90,11)
INSERT INTO [userRole] ([ID],[userID],[roleID]) VALUES(116,91,11)
INSERT INTO [userRole] ([ID],[userID],[roleID]) VALUES(117,92,11)
INSERT INTO [userRole] ([ID],[userID],[roleID]) VALUES(121,106,11)
INSERT INTO [userRole] ([ID],[userID],[roleID]) VALUES(123,108,11)
SET IDENTITY_INSERT [userRole] OFF

Print 'starting import vehicleStatus (78 records)'
INSERT INTO [vehicleStatus] ([currentLong],[currentLat],[licensPadNumber],[isRunning],[isOnline],[isAskHelp],[limitAreaAlarm],[overSpeed],[taskID],[tireDrive],[currentSpeed],[vehicleID]) VALUES(102.6121866667,24.99531,'云A54642',2,2,0,0,0,NULL,0,0,1)
INSERT INTO [vehicleStatus] ([currentLong],[currentLat],[licensPadNumber],[isRunning],[isOnline],[isAskHelp],[limitAreaAlarm],[overSpeed],[taskID],[tireDrive],[currentSpeed],[vehicleID]) VALUES(102.6128066667,24.99558,'云A67966',2,1,0,0,0,NULL,1,0,2)
INSERT INTO [vehicleStatus] ([currentLong],[currentLat],[licensPadNumber],[isRunning],[isOnline],[isAskHelp],[limitAreaAlarm],[overSpeed],[taskID],[tireDrive],[currentSpeed],[vehicleID]) VALUES(102.6123183333,24.995415,'云A61318',2,1,0,0,0,NULL,1,0,3)
INSERT INTO [vehicleStatus] ([currentLong],[currentLat],[licensPadNumber],[isRunning],[isOnline],[isAskHelp],[limitAreaAlarm],[overSpeed],[taskID],[tireDrive],[currentSpeed],[vehicleID]) VALUES(102.6123166667,24.9954366667,'云A67902',2,1,0,0,0,NULL,1,0,4)
INSERT INTO [vehicleStatus] ([currentLong],[currentLat],[licensPadNumber],[isRunning],[isOnline],[isAskHelp],[limitAreaAlarm],[overSpeed],[taskID],[tireDrive],[currentSpeed],[vehicleID]) VALUES(102.6128783333,24.9952,'云A67911',2,1,0,0,0,NULL,1,0,5)
INSERT INTO [vehicleStatus] ([currentLong],[currentLat],[licensPadNumber],[isRunning],[isOnline],[isAskHelp],[limitAreaAlarm],[overSpeed],[taskID],[tireDrive],[currentSpeed],[vehicleID]) VALUES(NULL,NULL,'云A009MK',0,0,0,0,0,NULL,0,NULL,6)
INSERT INTO [vehicleStatus] ([currentLong],[currentLat],[licensPadNumber],[isRunning],[isOnline],[isAskHelp],[limitAreaAlarm],[overSpeed],[taskID],[tireDrive],[currentSpeed],[vehicleID]) VALUES(NULL,NULL,'云APN117',0,0,0,0,0,NULL,0,NULL,7)
INSERT INTO [vehicleStatus] ([currentLong],[currentLat],[licensPadNumber],[isRunning],[isOnline],[isAskHelp],[limitAreaAlarm],[overSpeed],[taskID],[tireDrive],[currentSpeed],[vehicleID]) VALUES(NULL,NULL,'云A67911',0,0,0,0,0,NULL,0,NULL,8)
INSERT INTO [vehicleStatus] ([currentLong],[currentLat],[licensPadNumber],[isRunning],[isOnline],[isAskHelp],[limitAreaAlarm],[overSpeed],[taskID],[tireDrive],[currentSpeed],[vehicleID]) VALUES(103.517965,23.8661666667,'云A67902',2,2,0,0,0,NULL,1,51.1,9)
INSERT INTO [vehicleStatus] ([currentLong],[currentLat],[licensPadNumber],[isRunning],[isOnline],[isAskHelp],[limitAreaAlarm],[overSpeed],[taskID],[tireDrive],[currentSpeed],[vehicleID]) VALUES(NULL,NULL,'云A64642',0,0,0,0,0,NULL,0,NULL,14)
INSERT INTO [vehicleStatus] ([currentLong],[currentLat],[licensPadNumber],[isRunning],[isOnline],[isAskHelp],[limitAreaAlarm],[overSpeed],[taskID],[tireDrive],[currentSpeed],[vehicleID]) VALUES(102.612175,24.9953283333,'云A67599',2,3,0,0,0,NULL,1,0,10)
INSERT INTO [vehicleStatus] ([currentLong],[currentLat],[licensPadNumber],[isRunning],[isOnline],[isAskHelp],[limitAreaAlarm],[overSpeed],[taskID],[tireDrive],[currentSpeed],[vehicleID]) VALUES(102.6127266667,24.9952633333,'云A001MK',2,2,0,0,0,NULL,1,0,11)
INSERT INTO [vehicleStatus] ([currentLong],[currentLat],[licensPadNumber],[isRunning],[isOnline],[isAskHelp],[limitAreaAlarm],[overSpeed],[taskID],[tireDrive],[currentSpeed],[vehicleID]) VALUES(102.655855,25.0425733333,'云A009MK',2,3,0,3,2,6,1,0,12)
INSERT INTO [vehicleStatus] ([currentLong],[currentLat],[licensPadNumber],[isRunning],[isOnline],[isAskHelp],[limitAreaAlarm],[overSpeed],[taskID],[tireDrive],[currentSpeed],[vehicleID]) VALUES(102.7656566667,25.0035633333,'云A54642',2,2,0,0,0,NULL,1,0,15)
INSERT INTO [vehicleStatus] ([currentLong],[currentLat],[licensPadNumber],[isRunning],[isOnline],[isAskHelp],[limitAreaAlarm],[overSpeed],[taskID],[tireDrive],[currentSpeed],[vehicleID]) VALUES(102.612715,24.995255,'云A001MK',2,2,0,0,0,NULL,1,0,16)
INSERT INTO [vehicleStatus] ([currentLong],[currentLat],[licensPadNumber],[isRunning],[isOnline],[isAskHelp],[limitAreaAlarm],[overSpeed],[taskID],[tireDrive],[currentSpeed],[vehicleID]) VALUES(102.30811,25.0995283333,'云APN117',2,2,0,0,0,NULL,1,17.4,13)
INSERT INTO [vehicleStatus] ([currentLong],[currentLat],[licensPadNumber],[isRunning],[isOnline],[isAskHelp],[limitAreaAlarm],[overSpeed],[taskID],[tireDrive],[currentSpeed],[vehicleID]) VALUES(102.8848616667,25.0284183333,'云AHA983',2,2,0,0,0,NULL,1,0,17)
INSERT INTO [vehicleStatus] ([currentLong],[currentLat],[licensPadNumber],[isRunning],[isOnline],[isAskHelp],[limitAreaAlarm],[overSpeed],[taskID],[tireDrive],[currentSpeed],[vehicleID]) VALUES(102.635515,25.0228233333,'云AfM360',2,2,0,0,0,NULL,1,0,18)
INSERT INTO [vehicleStatus] ([currentLong],[currentLat],[licensPadNumber],[isRunning],[isOnline],[isAskHelp],[limitAreaAlarm],[overSpeed],[taskID],[tireDrive],[currentSpeed],[vehicleID]) VALUES(101.13948,25.2466083333,'云A48447',2,2,0,0,0,NULL,1,0,19)
INSERT INTO [vehicleStatus] ([currentLong],[currentLat],[licensPadNumber],[isRunning],[isOnline],[isAskHelp],[limitAreaAlarm],[overSpeed],[taskID],[tireDrive],[currentSpeed],[vehicleID]) VALUES(102.5995983333,24.9878433333,'云A41694',2,2,0,0,0,NULL,1,0,20)
INSERT INTO [vehicleStatus] ([currentLong],[currentLat],[licensPadNumber],[isRunning],[isOnline],[isAskHelp],[limitAreaAlarm],[overSpeed],[taskID],[tireDrive],[currentSpeed],[vehicleID]) VALUES(102.7847116667,25.0209766667,'云A47077',2,2,0,0,0,NULL,1,0,21)
INSERT INTO [vehicleStatus] ([currentLong],[currentLat],[licensPadNumber],[isRunning],[isOnline],[isAskHelp],[limitAreaAlarm],[overSpeed],[taskID],[tireDrive],[currentSpeed],[vehicleID]) VALUES(103.1769166667,26.092565,'云ASM161',2,1,0,0,0,NULL,1,0,22)
INSERT INTO [vehicleStatus] ([currentLong],[currentLat],[licensPadNumber],[isRunning],[isOnline],[isAskHelp],[limitAreaAlarm],[overSpeed],[taskID],[tireDrive],[currentSpeed],[vehicleID]) VALUES(NULL,NULL,'云A50451',2,1,0,0,0,NULL,1,NULL,24)
INSERT INTO [vehicleStatus] ([currentLong],[currentLat],[licensPadNumber],[isRunning],[isOnline],[isAskHelp],[limitAreaAlarm],[overSpeed],[taskID],[tireDrive],[currentSpeed],[vehicleID]) VALUES(102.4950266667,24.91541,'云A78029',1,1,0,0,0,NULL,1,0,25)
INSERT INTO [vehicleStatus] ([currentLong],[currentLat],[licensPadNumber],[isRunning],[isOnline],[isAskHelp],[limitAreaAlarm],[overSpeed],[taskID],[tireDrive],[currentSpeed],[vehicleID]) VALUES(102.1034616667,23.8504166667,'云A46055',2,2,0,0,0,NULL,0,50,26)
INSERT INTO [vehicleStatus] ([currentLong],[currentLat],[licensPadNumber],[isRunning],[isOnline],[isAskHelp],[limitAreaAlarm],[overSpeed],[taskID],[tireDrive],[currentSpeed],[vehicleID]) VALUES(102.4694366667,25.5613016667,'云ANW336',2,1,0,0,0,NULL,1,0,27)
INSERT INTO [vehicleStatus] ([currentLong],[currentLat],[licensPadNumber],[isRunning],[isOnline],[isAskHelp],[limitAreaAlarm],[overSpeed],[taskID],[tireDrive],[currentSpeed],[vehicleID]) VALUES(102.394395,24.9313533333,'云A44971',1,1,0,0,0,NULL,1,39.6,28)
INSERT INTO [vehicleStatus] ([currentLong],[currentLat],[licensPadNumber],[isRunning],[isOnline],[isAskHelp],[limitAreaAlarm],[overSpeed],[taskID],[tireDrive],[currentSpeed],[vehicleID]) VALUES(102.58407,24.95302,'云A44971',2,1,0,0,0,NULL,1,0,29)
INSERT INTO [vehicleStatus] ([currentLong],[currentLat],[licensPadNumber],[isRunning],[isOnline],[isAskHelp],[limitAreaAlarm],[overSpeed],[taskID],[tireDrive],[currentSpeed],[vehicleID]) VALUES(102.2341466667,24.8334183333,'云A47265',1,1,0,0,0,NULL,1,0,31)
INSERT INTO [vehicleStatus] ([currentLong],[currentLat],[licensPadNumber],[isRunning],[isOnline],[isAskHelp],[limitAreaAlarm],[overSpeed],[taskID],[tireDrive],[currentSpeed],[vehicleID]) VALUES(102.501485,24.2478,'云A52745',2,2,0,0,0,NULL,1,0,32)
INSERT INTO [vehicleStatus] ([currentLong],[currentLat],[licensPadNumber],[isRunning],[isOnline],[isAskHelp],[limitAreaAlarm],[overSpeed],[taskID],[tireDrive],[currentSpeed],[vehicleID]) VALUES(102.67213,25.0216316667,'云ACA875',2,1,0,0,0,NULL,1,0,33)
INSERT INTO [vehicleStatus] ([currentLong],[currentLat],[licensPadNumber],[isRunning],[isOnline],[isAskHelp],[limitAreaAlarm],[overSpeed],[taskID],[tireDrive],[currentSpeed],[vehicleID]) VALUES(104.227225,23.3753716667,'云A45185',2,2,0,0,0,NULL,1,0,34)
INSERT INTO [vehicleStatus] ([currentLong],[currentLat],[licensPadNumber],[isRunning],[isOnline],[isAskHelp],[limitAreaAlarm],[overSpeed],[taskID],[tireDrive],[currentSpeed],[vehicleID]) VALUES(NULL,NULL,'云A45170',0,0,0,0,0,NULL,0,NULL,35)
INSERT INTO [vehicleStatus] ([currentLong],[currentLat],[licensPadNumber],[isRunning],[isOnline],[isAskHelp],[limitAreaAlarm],[overSpeed],[taskID],[tireDrive],[currentSpeed],[vehicleID]) VALUES(NULL,NULL,'云A45170',0,0,0,0,0,NULL,0,NULL,36)
INSERT INTO [vehicleStatus] ([currentLong],[currentLat],[licensPadNumber],[isRunning],[isOnline],[isAskHelp],[limitAreaAlarm],[overSpeed],[taskID],[tireDrive],[currentSpeed],[vehicleID]) VALUES(102.6123883333,24.994945,'云A47265',2,3,0,0,0,NULL,1,0,30)
INSERT INTO [vehicleStatus] ([currentLong],[currentLat],[licensPadNumber],[isRunning],[isOnline],[isAskHelp],[limitAreaAlarm],[overSpeed],[taskID],[tireDrive],[currentSpeed],[vehicleID]) VALUES(102.5818083333,24.9498566667,'云A45170',2,2,0,0,0,NULL,0,0,37)
INSERT INTO [vehicleStatus] ([currentLong],[currentLat],[licensPadNumber],[isRunning],[isOnline],[isAskHelp],[limitAreaAlarm],[overSpeed],[taskID],[tireDrive],[currentSpeed],[vehicleID]) VALUES(102.73951,25.0676033333,'云A42724',2,2,2,0,0,NULL,1,0,38)
INSERT INTO [vehicleStatus] ([currentLong],[currentLat],[licensPadNumber],[isRunning],[isOnline],[isAskHelp],[limitAreaAlarm],[overSpeed],[taskID],[tireDrive],[currentSpeed],[vehicleID]) VALUES(103.7773833333,25.5069016667,'云A65273',2,1,0,0,0,NULL,1,0,39)
INSERT INTO [vehicleStatus] ([currentLong],[currentLat],[licensPadNumber],[isRunning],[isOnline],[isAskHelp],[limitAreaAlarm],[overSpeed],[taskID],[tireDrive],[currentSpeed],[vehicleID]) VALUES(102.6352833333,25.0214533333,'云A66353',2,2,0,0,0,NULL,1,0,40)
INSERT INTO [vehicleStatus] ([currentLong],[currentLat],[licensPadNumber],[isRunning],[isOnline],[isAskHelp],[limitAreaAlarm],[overSpeed],[taskID],[tireDrive],[currentSpeed],[vehicleID]) VALUES(102.7740666667,25.03958,'云A44871',2,1,0,0,0,NULL,1,0,41)
INSERT INTO [vehicleStatus] ([currentLong],[currentLat],[licensPadNumber],[isRunning],[isOnline],[isAskHelp],[limitAreaAlarm],[overSpeed],[taskID],[tireDrive],[currentSpeed],[vehicleID]) VALUES(102.7662616667,25.053145,'云A53298',2,2,0,0,0,NULL,1,0,48)
INSERT INTO [vehicleStatus] ([currentLong],[currentLat],[licensPadNumber],[isRunning],[isOnline],[isAskHelp],[limitAreaAlarm],[overSpeed],[taskID],[tireDrive],[currentSpeed],[vehicleID]) VALUES(102.82312,26.6668383333,'云A53872',2,2,0,0,0,NULL,0,14.6,49)
INSERT INTO [vehicleStatus] ([currentLong],[currentLat],[licensPadNumber],[isRunning],[isOnline],[isAskHelp],[limitAreaAlarm],[overSpeed],[taskID],[tireDrive],[currentSpeed],[vehicleID]) VALUES(102.77404,25.039525,'云A55454',2,1,0,0,0,NULL,1,0,42)
INSERT INTO [vehicleStatus] ([currentLong],[currentLat],[licensPadNumber],[isRunning],[isOnline],[isAskHelp],[limitAreaAlarm],[overSpeed],[taskID],[tireDrive],[currentSpeed],[vehicleID]) VALUES(102.7740866667,25.0396116667,'云A53467',2,1,0,0,0,NULL,1,0,43)
INSERT INTO [vehicleStatus] ([currentLong],[currentLat],[licensPadNumber],[isRunning],[isOnline],[isAskHelp],[limitAreaAlarm],[overSpeed],[taskID],[tireDrive],[currentSpeed],[vehicleID]) VALUES(102.774,25.03983,'云A78189',2,1,0,0,0,NULL,1,0,44)
INSERT INTO [vehicleStatus] ([currentLong],[currentLat],[licensPadNumber],[isRunning],[isOnline],[isAskHelp],[limitAreaAlarm],[overSpeed],[taskID],[tireDrive],[currentSpeed],[vehicleID]) VALUES(102.7739733333,25.03946,'云A65953',2,1,0,0,0,NULL,1,0,45)
INSERT INTO [vehicleStatus] ([currentLong],[currentLat],[licensPadNumber],[isRunning],[isOnline],[isAskHelp],[limitAreaAlarm],[overSpeed],[taskID],[tireDrive],[currentSpeed],[vehicleID]) VALUES(102.77475,25.0403266667,'云A69537',2,1,0,0,0,NULL,1,0,46)
INSERT INTO [vehicleStatus] ([currentLong],[currentLat],[licensPadNumber],[isRunning],[isOnline],[isAskHelp],[limitAreaAlarm],[overSpeed],[taskID],[tireDrive],[currentSpeed],[vehicleID]) VALUES(102.4739616667,24.9241133333,'云A45307',2,1,2,0,0,NULL,1,0,47)
INSERT INTO [vehicleStatus] ([currentLong],[currentLat],[licensPadNumber],[isRunning],[isOnline],[isAskHelp],[limitAreaAlarm],[overSpeed],[taskID],[tireDrive],[currentSpeed],[vehicleID]) VALUES(103.2068,25.548175,'云AV1596',1,1,0,0,0,NULL,1,45.5,50)
INSERT INTO [vehicleStatus] ([currentLong],[currentLat],[licensPadNumber],[isRunning],[isOnline],[isAskHelp],[limitAreaAlarm],[overSpeed],[taskID],[tireDrive],[currentSpeed],[vehicleID]) VALUES(102.7177383333,25.0115783333,'云A46932',2,1,0,0,0,NULL,1,0,51)
INSERT INTO [vehicleStatus] ([currentLong],[currentLat],[licensPadNumber],[isRunning],[isOnline],[isAskHelp],[limitAreaAlarm],[overSpeed],[taskID],[tireDrive],[currentSpeed],[vehicleID]) VALUES(102.76604,25.02924,'云A57055',2,2,0,0,0,NULL,0,0,52)
INSERT INTO [vehicleStatus] ([currentLong],[currentLat],[licensPadNumber],[isRunning],[isOnline],[isAskHelp],[limitAreaAlarm],[overSpeed],[taskID],[tireDrive],[currentSpeed],[vehicleID]) VALUES(102.7659283333,25.0317183333,'云A1Q618',2,1,0,0,0,NULL,1,0,53)
INSERT INTO [vehicleStatus] ([currentLong],[currentLat],[licensPadNumber],[isRunning],[isOnline],[isAskHelp],[limitAreaAlarm],[overSpeed],[taskID],[tireDrive],[currentSpeed],[vehicleID]) VALUES(102.78406,25.02699,'云A50630',2,1,0,0,0,NULL,1,0,54)
INSERT INTO [vehicleStatus] ([currentLong],[currentLat],[licensPadNumber],[isRunning],[isOnline],[isAskHelp],[limitAreaAlarm],[overSpeed],[taskID],[tireDrive],[currentSpeed],[vehicleID]) VALUES(102.6745416667,25.0525966667,'云AQ8790',2,2,0,0,0,NULL,1,0,56)
INSERT INTO [vehicleStatus] ([currentLong],[currentLat],[licensPadNumber],[isRunning],[isOnline],[isAskHelp],[limitAreaAlarm],[overSpeed],[taskID],[tireDrive],[currentSpeed],[vehicleID]) VALUES(102.534835,24.70616,'云A45684',2,2,0,0,0,NULL,0,0,57)
INSERT INTO [vehicleStatus] ([currentLong],[currentLat],[licensPadNumber],[isRunning],[isOnline],[isAskHelp],[limitAreaAlarm],[overSpeed],[taskID],[tireDrive],[currentSpeed],[vehicleID]) VALUES(104.1324533333,26.2084983333,'云A35511',2,2,0,0,0,NULL,0,0,58)
INSERT INTO [vehicleStatus] ([currentLong],[currentLat],[licensPadNumber],[isRunning],[isOnline],[isAskHelp],[limitAreaAlarm],[overSpeed],[taskID],[tireDrive],[currentSpeed],[vehicleID]) VALUES(102.612575,24.995425,'云A48348',2,2,0,0,0,NULL,0,0,59)
INSERT INTO [vehicleStatus] ([currentLong],[currentLat],[licensPadNumber],[isRunning],[isOnline],[isAskHelp],[limitAreaAlarm],[overSpeed],[taskID],[tireDrive],[currentSpeed],[vehicleID]) VALUES(102.612655,24.9954733333,'云A48319',2,2,0,0,0,NULL,0,0,60)
INSERT INTO [vehicleStatus] ([currentLong],[currentLat],[licensPadNumber],[isRunning],[isOnline],[isAskHelp],[limitAreaAlarm],[overSpeed],[taskID],[tireDrive],[currentSpeed],[vehicleID]) VALUES(102.6133533333,24.993585,'云A48038',1,1,2,0,0,NULL,1,0,61)
INSERT INTO [vehicleStatus] ([currentLong],[currentLat],[licensPadNumber],[isRunning],[isOnline],[isAskHelp],[limitAreaAlarm],[overSpeed],[taskID],[tireDrive],[currentSpeed],[vehicleID]) VALUES(102.8075616667,24.992525,'云A45709',2,1,0,0,0,NULL,1,0,62)
INSERT INTO [vehicleStatus] ([currentLong],[currentLat],[licensPadNumber],[isRunning],[isOnline],[isAskHelp],[limitAreaAlarm],[overSpeed],[taskID],[tireDrive],[currentSpeed],[vehicleID]) VALUES(102.6787083333,25.041385,'云AQA510',2,1,0,3,2,NULL,1,0,55)
INSERT INTO [vehicleStatus] ([currentLong],[currentLat],[licensPadNumber],[isRunning],[isOnline],[isAskHelp],[limitAreaAlarm],[overSpeed],[taskID],[tireDrive],[currentSpeed],[vehicleID]) VALUES(102.4795533333,25.51693,'云ANW336',2,1,0,0,0,NULL,0,0,63)
INSERT INTO [vehicleStatus] ([currentLong],[currentLat],[licensPadNumber],[isRunning],[isOnline],[isAskHelp],[limitAreaAlarm],[overSpeed],[taskID],[tireDrive],[currentSpeed],[vehicleID]) VALUES(NULL,NULL,'云A45695',0,0,0,0,0,NULL,0,NULL,64)
INSERT INTO [vehicleStatus] ([currentLong],[currentLat],[licensPadNumber],[isRunning],[isOnline],[isAskHelp],[limitAreaAlarm],[overSpeed],[taskID],[tireDrive],[currentSpeed],[vehicleID]) VALUES(102.4812316667,24.927125,'云A47238',2,1,0,0,0,NULL,0,0,65)
INSERT INTO [vehicleStatus] ([currentLong],[currentLat],[licensPadNumber],[isRunning],[isOnline],[isAskHelp],[limitAreaAlarm],[overSpeed],[taskID],[tireDrive],[currentSpeed],[vehicleID]) VALUES(102.6124166667,24.994875,'云A48318',2,1,0,0,0,NULL,0,0,66)
INSERT INTO [vehicleStatus] ([currentLong],[currentLat],[licensPadNumber],[isRunning],[isOnline],[isAskHelp],[limitAreaAlarm],[overSpeed],[taskID],[tireDrive],[currentSpeed],[vehicleID]) VALUES(102.62327,25.015075,'云A48346',1,1,0,0,0,NULL,0,55.3,67)
INSERT INTO [vehicleStatus] ([currentLong],[currentLat],[licensPadNumber],[isRunning],[isOnline],[isAskHelp],[limitAreaAlarm],[overSpeed],[taskID],[tireDrive],[currentSpeed],[vehicleID]) VALUES(102.7490016667,25.0402266667,'云AFK110',2,1,0,0,0,NULL,0,0,68)
INSERT INTO [vehicleStatus] ([currentLong],[currentLat],[licensPadNumber],[isRunning],[isOnline],[isAskHelp],[limitAreaAlarm],[overSpeed],[taskID],[tireDrive],[currentSpeed],[vehicleID]) VALUES(102.6127166667,24.9954483333,'云A48330',2,2,0,0,0,NULL,1,0,69)
INSERT INTO [vehicleStatus] ([currentLong],[currentLat],[licensPadNumber],[isRunning],[isOnline],[isAskHelp],[limitAreaAlarm],[overSpeed],[taskID],[tireDrive],[currentSpeed],[vehicleID]) VALUES(102.61218,24.9952716667,'云L18598',2,1,0,0,0,NULL,0,0,70)
INSERT INTO [vehicleStatus] ([currentLong],[currentLat],[licensPadNumber],[isRunning],[isOnline],[isAskHelp],[limitAreaAlarm],[overSpeed],[taskID],[tireDrive],[currentSpeed],[vehicleID]) VALUES(102.8251716667,23.936565,'云A77789',2,1,0,0,0,NULL,0,0,71)
INSERT INTO [vehicleStatus] ([currentLong],[currentLat],[licensPadNumber],[isRunning],[isOnline],[isAskHelp],[limitAreaAlarm],[overSpeed],[taskID],[tireDrive],[currentSpeed],[vehicleID]) VALUES(102.76552,25.0320316667,'云A86291',2,1,0,0,0,NULL,0,0,72)
INSERT INTO [vehicleStatus] ([currentLong],[currentLat],[licensPadNumber],[isRunning],[isOnline],[isAskHelp],[limitAreaAlarm],[overSpeed],[taskID],[tireDrive],[currentSpeed],[vehicleID]) VALUES(102.6283766667,25.0214183333,'云A48296',1,1,2,0,0,NULL,0,42.9,73)
INSERT INTO [vehicleStatus] ([currentLong],[currentLat],[licensPadNumber],[isRunning],[isOnline],[isAskHelp],[limitAreaAlarm],[overSpeed],[taskID],[tireDrive],[currentSpeed],[vehicleID]) VALUES(102.7850033333,25.02123,'云68919',2,1,0,0,0,NULL,0,0,74)
INSERT INTO [vehicleStatus] ([currentLong],[currentLat],[licensPadNumber],[isRunning],[isOnline],[isAskHelp],[limitAreaAlarm],[overSpeed],[taskID],[tireDrive],[currentSpeed],[vehicleID]) VALUES(102.7305233333,25.08446,'云A62519',2,2,0,0,0,NULL,0,18.1,75)
INSERT INTO [vehicleStatus] ([currentLong],[currentLat],[licensPadNumber],[isRunning],[isOnline],[isAskHelp],[limitAreaAlarm],[overSpeed],[taskID],[tireDrive],[currentSpeed],[vehicleID]) VALUES(102.3667083333,24.9405983333,'云A88186',2,1,0,0,0,NULL,0,0,76)
INSERT INTO [vehicleStatus] ([currentLong],[currentLat],[licensPadNumber],[isRunning],[isOnline],[isAskHelp],[limitAreaAlarm],[overSpeed],[taskID],[tireDrive],[currentSpeed],[vehicleID]) VALUES(NULL,NULL,'云A70318',0,0,0,0,0,NULL,0,NULL,77)
INSERT INTO [vehicleStatus] ([currentLong],[currentLat],[licensPadNumber],[isRunning],[isOnline],[isAskHelp],[limitAreaAlarm],[overSpeed],[taskID],[tireDrive],[currentSpeed],[vehicleID]) VALUES(100.2292016667,24.65106,'云A71083',1,1,0,0,0,NULL,0,13.3,78)
INSERT INTO [vehicleStatus] ([currentLong],[currentLat],[licensPadNumber],[isRunning],[isOnline],[isAskHelp],[limitAreaAlarm],[overSpeed],[taskID],[tireDrive],[currentSpeed],[vehicleID]) VALUES(102.6128433333,24.9939916667,'云AW1668',2,1,0,0,0,NULL,0,0,79)

Print 'starting import users (1 records)'
SET IDENTITY_INSERT [f_user] ON
INSERT INTO [f_user] ([userID],[loginName],[passwd],[realName],[description],[registerDate],[lastLoginDate],[lastLoginIP],[userState],[tel]) VALUES(1,'admin','222222','台帐管理员','台帐管理员','2009-5-28 0:00:00','2010-3-7 21:35:18','220.163.61.102',1,NULL)
SET IDENTITY_INSERT [f_user] OFF



Print 'transaction finished'
COMMIT TRANSACTION SUN_DATA_IMPORT_TRANS
GO
