-- Generated by SQLUtility 2010-5-29 12:15:20--
Print 'transaction started'
Print ''
USE [mkgps1]
GO
BEGIN TRANSACTION SUN_DATA_IMPORT_TRANS
GO

Print 'starting import f_expense_log (15 records)'
SET IDENTITY_INSERT [f_expense_log] ON
INSERT INTO [f_expense_log] ([id],[category1],[category2],[type],[amount],[yearMonth],[comment1],[comment2],[vehicleID]) VALUES(1,'经营费用  ','过境      ',NULL,11,'201001',NULL,NULL,38)
INSERT INTO [f_expense_log] ([id],[category1],[category2],[type],[amount],[yearMonth],[comment1],[comment2],[vehicleID]) VALUES(2,'经营费用  ','超限      ',NULL,1,'201001',NULL,NULL,38)
INSERT INTO [f_expense_log] ([id],[category1],[category2],[type],[amount],[yearMonth],[comment1],[comment2],[vehicleID]) VALUES(3,'工资      ','基本工资  ',NULL,1,'201001',NULL,NULL,38)
INSERT INTO [f_expense_log] ([id],[category1],[category2],[type],[amount],[yearMonth],[comment1],[comment2],[vehicleID]) VALUES(4,'其他      ','1         ',NULL,1,'201001','1',NULL,38)
INSERT INTO [f_expense_log] ([id],[category1],[category2],[type],[amount],[yearMonth],[comment1],[comment2],[vehicleID]) VALUES(16,'经营费用  ','过境      ',NULL,3445,'200711',NULL,NULL,55)
INSERT INTO [f_expense_log] ([id],[category1],[category2],[type],[amount],[yearMonth],[comment1],[comment2],[vehicleID]) VALUES(17,'经营费用  ','超限      ',NULL,50,'200711',NULL,NULL,55)
INSERT INTO [f_expense_log] ([id],[category1],[category2],[type],[amount],[yearMonth],[comment1],[comment2],[vehicleID]) VALUES(18,'工资      ','基本工资  ',NULL,4806.37,'200711',NULL,NULL,55)
INSERT INTO [f_expense_log] ([id],[category1],[category2],[type],[amount],[yearMonth],[comment1],[comment2],[vehicleID]) VALUES(19,'其他      ','补贴      ',NULL,600,'200711','应车辆推迟到昆及落户影响，驾驶员报销生活费',NULL,55)
INSERT INTO [f_expense_log] ([id],[category1],[category2],[type],[amount],[yearMonth],[comment1],[comment2],[vehicleID]) VALUES(20,'其他      ','办证费    ',NULL,30,'200711',NULL,NULL,55)
INSERT INTO [f_expense_log] ([id],[category1],[category2],[type],[amount],[yearMonth],[comment1],[comment2],[vehicleID]) VALUES(21,'其他      ','腰灯      ',NULL,50,'200711','非正常费用，本月一次摊销',NULL,55)
INSERT INTO [f_expense_log] ([id],[category1],[category2],[type],[amount],[yearMonth],[comment1],[comment2],[vehicleID]) VALUES(22,'其他      ','脚踏垫    ',NULL,30,'200711','非正常费用，本月一次摊销',NULL,55)
INSERT INTO [f_expense_log] ([id],[category1],[category2],[type],[amount],[yearMonth],[comment1],[comment2],[vehicleID]) VALUES(23,'其他      ','新工具    ',NULL,638,'200711','非正常费用，本月一次摊销',NULL,55)
INSERT INTO [f_expense_log] ([id],[category1],[category2],[type],[amount],[yearMonth],[comment1],[comment2],[vehicleID]) VALUES(24,'其他      ','保险杆    ',NULL,600,'200711','非正常费用，本月一次摊销',NULL,55)
INSERT INTO [f_expense_log] ([id],[category1],[category2],[type],[amount],[yearMonth],[comment1],[comment2],[vehicleID]) VALUES(25,'其他      ','挡泥皮    ',NULL,90,'200711','非正常费用，本月一次摊销',NULL,55)
INSERT INTO [f_expense_log] ([id],[category1],[category2],[type],[amount],[yearMonth],[comment1],[comment2],[vehicleID]) VALUES(26,'其他      ','副油箱    ',NULL,780,'200711','非正常费用，本月一次摊销',NULL,55)
SET IDENTITY_INSERT [f_expense_log] OFF

Print 'starting import f_gasfee (97 records)'
SET IDENTITY_INSERT [f_gasfee] ON
INSERT INTO [f_gasfee] ([ID],[occurDate],[deposit],[refill],[refillMoney],[balance],[comment],[vehicleID],[operator],[feeType],[yearMonth]) VALUES(1,'2007-11-28 0:00:00',3000,0,0,3000,'',55,NULL,NULL,'200711    ')
INSERT INTO [f_gasfee] ([ID],[occurDate],[deposit],[refill],[refillMoney],[balance],[comment],[vehicleID],[operator],[feeType],[yearMonth]) VALUES(2,'2007-11-28 0:00:00',0,258.62,1350,1650,'',55,NULL,NULL,'200711    ')
INSERT INTO [f_gasfee] ([ID],[occurDate],[deposit],[refill],[refillMoney],[balance],[comment],[vehicleID],[operator],[feeType],[yearMonth]) VALUES(3,'2007-11-29 0:00:00',0,284.48,1485,165,'',55,NULL,NULL,'200711    ')
INSERT INTO [f_gasfee] ([ID],[occurDate],[deposit],[refill],[refillMoney],[balance],[comment],[vehicleID],[operator],[feeType],[yearMonth]) VALUES(4,'2007-12-6 0:00:00',2000,0,0,2165,'',55,NULL,NULL,'200712    ')
INSERT INTO [f_gasfee] ([ID],[occurDate],[deposit],[refill],[refillMoney],[balance],[comment],[vehicleID],[operator],[feeType],[yearMonth]) VALUES(5,'2007-12-6 0:00:00',0,95.24,500,1665,'',55,NULL,NULL,'200712    ')
INSERT INTO [f_gasfee] ([ID],[occurDate],[deposit],[refill],[refillMoney],[balance],[comment],[vehicleID],[operator],[feeType],[yearMonth]) VALUES(6,'2007-12-8 0:00:00',0,306.5,1600,65,'',55,NULL,NULL,'200712    ')
INSERT INTO [f_gasfee] ([ID],[occurDate],[deposit],[refill],[refillMoney],[balance],[comment],[vehicleID],[operator],[feeType],[yearMonth]) VALUES(11,'2007-12-19 0:00:00',0,1500,1500,2564.96,'',55,NULL,NULL,'200712    ')
INSERT INTO [f_gasfee] ([ID],[occurDate],[deposit],[refill],[refillMoney],[balance],[comment],[vehicleID],[operator],[feeType],[yearMonth]) VALUES(12,'2007-12-19 0:00:00',0,153.07,799,1765.96,'',55,NULL,NULL,'200712    ')
INSERT INTO [f_gasfee] ([ID],[occurDate],[deposit],[refill],[refillMoney],[balance],[comment],[vehicleID],[operator],[feeType],[yearMonth]) VALUES(13,'2007-12-20 0:00:00',0,287.36,1500,265.96,'',55,NULL,NULL,'200712    ')
INSERT INTO [f_gasfee] ([ID],[occurDate],[deposit],[refill],[refillMoney],[balance],[comment],[vehicleID],[operator],[feeType],[yearMonth]) VALUES(14,'2007-12-21 0:00:00',3000,0,0,3265.96,'',55,NULL,NULL,'200712    ')
INSERT INTO [f_gasfee] ([ID],[occurDate],[deposit],[refill],[refillMoney],[balance],[comment],[vehicleID],[operator],[feeType],[yearMonth]) VALUES(15,'2007-12-25 0:00:00',0,250.3,1306.57,1959.39,'',55,NULL,NULL,'200712    ')
INSERT INTO [f_gasfee] ([ID],[occurDate],[deposit],[refill],[refillMoney],[balance],[comment],[vehicleID],[operator],[feeType],[yearMonth]) VALUES(16,'2007-12-26 0:00:00',0,130.31,680.22,1279.17,'',55,NULL,NULL,'200712    ')
INSERT INTO [f_gasfee] ([ID],[occurDate],[deposit],[refill],[refillMoney],[balance],[comment],[vehicleID],[operator],[feeType],[yearMonth]) VALUES(17,'2007-12-28 0:00:00',0,232.61,1214.21,64.9599999999996,'',55,NULL,NULL,'200712    ')
INSERT INTO [f_gasfee] ([ID],[occurDate],[deposit],[refill],[refillMoney],[balance],[comment],[vehicleID],[operator],[feeType],[yearMonth]) VALUES(18,'2007-12-28 0:00:00',3000,0,0,3064.96,'',55,NULL,NULL,'200712    ')
INSERT INTO [f_gasfee] ([ID],[occurDate],[deposit],[refill],[refillMoney],[balance],[comment],[vehicleID],[operator],[feeType],[yearMonth]) VALUES(19,'2007-12-28 0:00:00',0,76.43,402.02,2662.94,'',55,NULL,NULL,'200712    ')
INSERT INTO [f_gasfee] ([ID],[occurDate],[deposit],[refill],[refillMoney],[balance],[comment],[vehicleID],[operator],[feeType],[yearMonth]) VALUES(20,'2008-1-2 0:00:00',5000,0,0,7662.94,'',55,NULL,NULL,'200801    ')
INSERT INTO [f_gasfee] ([ID],[occurDate],[deposit],[refill],[refillMoney],[balance],[comment],[vehicleID],[operator],[feeType],[yearMonth]) VALUES(21,'2008-1-2 0:00:00',0,227.58,1187.98,6474.96,'',55,NULL,NULL,'200801    ')
INSERT INTO [f_gasfee] ([ID],[occurDate],[deposit],[refill],[refillMoney],[balance],[comment],[vehicleID],[operator],[feeType],[yearMonth]) VALUES(24,'2008-1-4 0:00:00',0,270.75,1413.32,3587.07,'',55,NULL,NULL,'200801    ')
INSERT INTO [f_gasfee] ([ID],[occurDate],[deposit],[refill],[refillMoney],[balance],[comment],[vehicleID],[operator],[feeType],[yearMonth]) VALUES(26,'2008-1-7 0:00:00',0,290.49,1516.36,556.91,'',55,NULL,NULL,'200801    ')
INSERT INTO [f_gasfee] ([ID],[occurDate],[deposit],[refill],[refillMoney],[balance],[comment],[vehicleID],[operator],[feeType],[yearMonth]) VALUES(28,'2008-1-15 0:00:00',0,300.19,1567,3989.91,'',55,NULL,NULL,'200801    ')
INSERT INTO [f_gasfee] ([ID],[occurDate],[deposit],[refill],[refillMoney],[balance],[comment],[vehicleID],[operator],[feeType],[yearMonth]) VALUES(29,'2008-1-16 0:00:00',0,296.62,1548.36,2441.55,'',55,NULL,NULL,'200801    ')
INSERT INTO [f_gasfee] ([ID],[occurDate],[deposit],[refill],[refillMoney],[balance],[comment],[vehicleID],[operator],[feeType],[yearMonth]) VALUES(30,'2008-1-18 0:00:00',0,279.69,1460,981.55,'',55,NULL,NULL,'200801    ')
INSERT INTO [f_gasfee] ([ID],[occurDate],[deposit],[refill],[refillMoney],[balance],[comment],[vehicleID],[operator],[feeType],[yearMonth]) VALUES(35,'2008-1-26 0:00:00',0,249.78,1303.85,1369.63,'',55,NULL,NULL,'200801    ')
INSERT INTO [f_gasfee] ([ID],[occurDate],[deposit],[refill],[refillMoney],[balance],[comment],[vehicleID],[operator],[feeType],[yearMonth]) VALUES(36,'2008-1-27 0:00:00',5000,0,0,6369.63,'',55,NULL,NULL,'200801    ')
INSERT INTO [f_gasfee] ([ID],[occurDate],[deposit],[refill],[refillMoney],[balance],[comment],[vehicleID],[operator],[feeType],[yearMonth]) VALUES(37,'2008-1-27 0:00:00',0,259.79,1356.1,5013.53,'',55,NULL,NULL,'200801    ')
INSERT INTO [f_gasfee] ([ID],[occurDate],[deposit],[refill],[refillMoney],[balance],[comment],[vehicleID],[operator],[feeType],[yearMonth]) VALUES(38,'2008-1-28 0:00:00',0,268.2,1400,3613.53,'',55,NULL,NULL,'200801    ')
INSERT INTO [f_gasfee] ([ID],[occurDate],[deposit],[refill],[refillMoney],[balance],[comment],[vehicleID],[operator],[feeType],[yearMonth]) VALUES(39,'2008-1-29 0:00:00',0,260.57,1360.18,2253.35,'',55,NULL,NULL,'200801    ')
INSERT INTO [f_gasfee] ([ID],[occurDate],[deposit],[refill],[refillMoney],[balance],[comment],[vehicleID],[operator],[feeType],[yearMonth]) VALUES(40,'2008-2-2 0:00:00',5000,0,0,7253.35,'',55,NULL,NULL,'200802    ')
INSERT INTO [f_gasfee] ([ID],[occurDate],[deposit],[refill],[refillMoney],[balance],[comment],[vehicleID],[operator],[feeType],[yearMonth]) VALUES(41,'2008-2-2 0:00:00',0,431.58,2252.86,5000.49,'',55,NULL,NULL,'200802    ')
INSERT INTO [f_gasfee] ([ID],[occurDate],[deposit],[refill],[refillMoney],[balance],[comment],[vehicleID],[operator],[feeType],[yearMonth]) VALUES(44,'2008-2-4 0:00:00',0,292.17,1525.13,1047.99,'',55,NULL,NULL,'200802    ')
INSERT INTO [f_gasfee] ([ID],[occurDate],[deposit],[refill],[refillMoney],[balance],[comment],[vehicleID],[operator],[feeType],[yearMonth]) VALUES(45,'2008-2-11 0:00:00',0,200.67,1047.5,0.489999999999782,'',55,NULL,NULL,'200802    ')
INSERT INTO [f_gasfee] ([ID],[occurDate],[deposit],[refill],[refillMoney],[balance],[comment],[vehicleID],[operator],[feeType],[yearMonth]) VALUES(46,'2008-2-11 0:00:00',5000,0,0,5000.49,'',55,NULL,NULL,'200802    ')
INSERT INTO [f_gasfee] ([ID],[occurDate],[deposit],[refill],[refillMoney],[balance],[comment],[vehicleID],[operator],[feeType],[yearMonth]) VALUES(47,'2008-2-13 0:00:00',0,287.74,1502,3498.49,'',55,NULL,NULL,'200802    ')
INSERT INTO [f_gasfee] ([ID],[occurDate],[deposit],[refill],[refillMoney],[balance],[comment],[vehicleID],[operator],[feeType],[yearMonth]) VALUES(48,'2008-2-14 0:00:00',0,287.24,1499.39,1999.1,'',55,NULL,NULL,'200802    ')
INSERT INTO [f_gasfee] ([ID],[occurDate],[deposit],[refill],[refillMoney],[balance],[comment],[vehicleID],[operator],[feeType],[yearMonth]) VALUES(49,'2008-2-18 0:00:00',0,382.88,1998.61,0.489999999999782,'',55,NULL,NULL,'200802    ')
INSERT INTO [f_gasfee] ([ID],[occurDate],[deposit],[refill],[refillMoney],[balance],[comment],[vehicleID],[operator],[feeType],[yearMonth]) VALUES(50,'2008-2-18 0:00:00',5000,0,0,5000.49,'',55,NULL,NULL,'200802    ')
INSERT INTO [f_gasfee] ([ID],[occurDate],[deposit],[refill],[refillMoney],[balance],[comment],[vehicleID],[operator],[feeType],[yearMonth]) VALUES(54,'2008-2-18 0:00:00',0,133.34,700.04,4300.45,'',55,NULL,NULL,'200802    ')
INSERT INTO [f_gasfee] ([ID],[occurDate],[deposit],[refill],[refillMoney],[balance],[comment],[vehicleID],[operator],[feeType],[yearMonth]) VALUES(55,'2008-2-18 0:00:00',0,100,525,3775.45,'',55,NULL,NULL,'200802    ')
INSERT INTO [f_gasfee] ([ID],[occurDate],[deposit],[refill],[refillMoney],[balance],[comment],[vehicleID],[operator],[feeType],[yearMonth]) VALUES(56,'2008-2-18 0:00:00',0,253.54,1323.48,2451.97,'',55,NULL,NULL,'200802    ')
INSERT INTO [f_gasfee] ([ID],[occurDate],[deposit],[refill],[refillMoney],[balance],[comment],[vehicleID],[operator],[feeType],[yearMonth]) VALUES(57,'2008-2-24 0:00:00',0,123.3,651.03,1800.94,'',55,NULL,NULL,'200802    ')
INSERT INTO [f_gasfee] ([ID],[occurDate],[deposit],[refill],[refillMoney],[balance],[comment],[vehicleID],[operator],[feeType],[yearMonth]) VALUES(58,'2008-2-24 0:00:00',0,339.71,1800.44,0.499999999999773,'',55,NULL,NULL,'200802    ')
INSERT INTO [f_gasfee] ([ID],[occurDate],[deposit],[refill],[refillMoney],[balance],[comment],[vehicleID],[operator],[feeType],[yearMonth]) VALUES(59,'2008-2-24 0:00:00',5000,0,0,5000.5,'',55,NULL,NULL,'200802    ')
INSERT INTO [f_gasfee] ([ID],[occurDate],[deposit],[refill],[refillMoney],[balance],[comment],[vehicleID],[operator],[feeType],[yearMonth]) VALUES(60,'2008-2-25 0:00:00',0,189.39,1000,4000.5,'',55,NULL,NULL,'200802    ')
INSERT INTO [f_gasfee] ([ID],[occurDate],[deposit],[refill],[refillMoney],[balance],[comment],[vehicleID],[operator],[feeType],[yearMonth]) VALUES(61,'2008-2-26 0:00:00',0,265.78,1408.63,2591.87,'',55,NULL,NULL,'200802    ')
INSERT INTO [f_gasfee] ([ID],[occurDate],[deposit],[refill],[refillMoney],[balance],[comment],[vehicleID],[operator],[feeType],[yearMonth]) VALUES(62,'2008-2-26 0:00:00',0,164.87,870.51,1721.36,'',55,NULL,NULL,'200802    ')
INSERT INTO [f_gasfee] ([ID],[occurDate],[deposit],[refill],[refillMoney],[balance],[comment],[vehicleID],[operator],[feeType],[yearMonth]) VALUES(63,'2008-2-27 0:00:00',0,245.28,1300,421.36,'',55,NULL,NULL,'200802    ')
INSERT INTO [f_gasfee] ([ID],[occurDate],[deposit],[refill],[refillMoney],[balance],[comment],[vehicleID],[operator],[feeType],[yearMonth]) VALUES(64,'2008-3-1 0:00:00',5000,0,0,5421.36,'',55,NULL,NULL,'200803    ')
INSERT INTO [f_gasfee] ([ID],[occurDate],[deposit],[refill],[refillMoney],[balance],[comment],[vehicleID],[operator],[feeType],[yearMonth]) VALUES(65,'2008-3-1 0:00:00',0,79.71,420.87,5000.49,'',55,NULL,NULL,'200803    ')
INSERT INTO [f_gasfee] ([ID],[occurDate],[deposit],[refill],[refillMoney],[balance],[comment],[vehicleID],[operator],[feeType],[yearMonth]) VALUES(66,'2008-3-1 0:00:00',0,189.4,1000,4000.49,'',55,NULL,NULL,'200803    ')
INSERT INTO [f_gasfee] ([ID],[occurDate],[deposit],[refill],[refillMoney],[balance],[comment],[vehicleID],[operator],[feeType],[yearMonth]) VALUES(67,'2008-3-1 0:00:00',0,277.83,1472.5,2527.99,'',55,NULL,NULL,'200803    ')
INSERT INTO [f_gasfee] ([ID],[occurDate],[deposit],[refill],[refillMoney],[balance],[comment],[vehicleID],[operator],[feeType],[yearMonth]) VALUES(68,'2008-3-1 0:00:00',0,246.03,1303.96,1224.03,'',55,NULL,NULL,'200803    ')
INSERT INTO [f_gasfee] ([ID],[occurDate],[deposit],[refill],[refillMoney],[balance],[comment],[vehicleID],[operator],[feeType],[yearMonth]) VALUES(69,'2008-3-2 0:00:00',0,231.73,1223.54,0.489999999999782,'',55,NULL,NULL,'200803    ')
INSERT INTO [f_gasfee] ([ID],[occurDate],[deposit],[refill],[refillMoney],[balance],[comment],[vehicleID],[operator],[feeType],[yearMonth]) VALUES(70,'2008-3-3 0:00:00',5000,0,0,5000.49,'',55,NULL,NULL,'200803    ')
INSERT INTO [f_gasfee] ([ID],[occurDate],[deposit],[refill],[refillMoney],[balance],[comment],[vehicleID],[operator],[feeType],[yearMonth]) VALUES(71,'2008-3-5 0:00:00',0,219.29,1157.85,3842.64,'',55,NULL,NULL,'200803    ')
INSERT INTO [f_gasfee] ([ID],[occurDate],[deposit],[refill],[refillMoney],[balance],[comment],[vehicleID],[operator],[feeType],[yearMonth]) VALUES(72,'2008-3-5 0:00:00',0,74.22,389.66,3452.98,'',55,NULL,NULL,'200803    ')
INSERT INTO [f_gasfee] ([ID],[occurDate],[deposit],[refill],[refillMoney],[balance],[comment],[vehicleID],[operator],[feeType],[yearMonth]) VALUES(73,'2008-3-8 0:00:00',0,284.46,1501.95,1951.03,'',55,NULL,NULL,'200803    ')
INSERT INTO [f_gasfee] ([ID],[occurDate],[deposit],[refill],[refillMoney],[balance],[comment],[vehicleID],[operator],[feeType],[yearMonth]) VALUES(74,'2008-3-7 0:00:00',0,290.13,1537.69,413.34,'',55,NULL,NULL,'200803    ')
INSERT INTO [f_gasfee] ([ID],[occurDate],[deposit],[refill],[refillMoney],[balance],[comment],[vehicleID],[operator],[feeType],[yearMonth]) VALUES(75,'2008-3-8 0:00:00',5000,0,0,5413.34,'',55,NULL,NULL,'200803    ')
INSERT INTO [f_gasfee] ([ID],[occurDate],[deposit],[refill],[refillMoney],[balance],[comment],[vehicleID],[operator],[feeType],[yearMonth]) VALUES(78,'2008-3-11 0:00:00',0,264.19,1392.28,1575.36,'',55,NULL,NULL,'200803    ')
INSERT INTO [f_gasfee] ([ID],[occurDate],[deposit],[refill],[refillMoney],[balance],[comment],[vehicleID],[operator],[feeType],[yearMonth]) VALUES(79,'2008-3-11 0:00:00',0,138.05,727.52,847.84,'',55,NULL,NULL,'200803    ')
INSERT INTO [f_gasfee] ([ID],[occurDate],[deposit],[refill],[refillMoney],[balance],[comment],[vehicleID],[operator],[feeType],[yearMonth]) VALUES(81,'2008-3-13 0:00:00',5000,0,0,5000.49,'',55,NULL,NULL,'200803    ')
INSERT INTO [f_gasfee] ([ID],[occurDate],[deposit],[refill],[refillMoney],[balance],[comment],[vehicleID],[operator],[feeType],[yearMonth]) VALUES(82,'2008-3-13 0:00:00',0,267.53,1409.88,3590.61,'',55,NULL,NULL,'200803    ')
INSERT INTO [f_gasfee] ([ID],[occurDate],[deposit],[refill],[refillMoney],[balance],[comment],[vehicleID],[operator],[feeType],[yearMonth]) VALUES(83,'2008-3-14 0:00:00',0,113.85,600,2990.61,'',55,NULL,NULL,'200803    ')
INSERT INTO [f_gasfee] ([ID],[occurDate],[deposit],[refill],[refillMoney],[balance],[comment],[vehicleID],[operator],[feeType],[yearMonth]) VALUES(84,'2008-3-14 0:00:00',0,29.43,155.1,2835.51,'',55,NULL,NULL,'200803    ')
INSERT INTO [f_gasfee] ([ID],[occurDate],[deposit],[refill],[refillMoney],[balance],[comment],[vehicleID],[operator],[feeType],[yearMonth]) VALUES(86,'2008-3-17 0:00:00',0,151.8,800,619.090000000001,'',55,NULL,NULL,'200803    ')
INSERT INTO [f_gasfee] ([ID],[occurDate],[deposit],[refill],[refillMoney],[balance],[comment],[vehicleID],[operator],[feeType],[yearMonth]) VALUES(87,'2008-3-17 0:00:00',0,4.03,21.24,597.850000000001,'',55,NULL,NULL,'200803    ')
INSERT INTO [f_gasfee] ([ID],[occurDate],[deposit],[refill],[refillMoney],[balance],[comment],[vehicleID],[operator],[feeType],[yearMonth]) VALUES(89,'2008-3-15 0:00:00',3000,0,0,3597.85,'',55,NULL,NULL,'200803    ')
INSERT INTO [f_gasfee] ([ID],[occurDate],[deposit],[refill],[refillMoney],[balance],[comment],[vehicleID],[operator],[feeType],[yearMonth]) VALUES(90,'2008-3-19 0:00:00',0,94.88,500,3097.85,'',55,NULL,NULL,'200803    ')
INSERT INTO [f_gasfee] ([ID],[occurDate],[deposit],[refill],[refillMoney],[balance],[comment],[vehicleID],[operator],[feeType],[yearMonth]) VALUES(91,'2008-3-19 0:00:00',0,56.93,300,2797.85,'',55,NULL,NULL,'200803    ')
INSERT INTO [f_gasfee] ([ID],[occurDate],[deposit],[refill],[refillMoney],[balance],[comment],[vehicleID],[operator],[feeType],[yearMonth]) VALUES(92,'2008-3-19 0:00:00',0,292.55,1527.11,1270.74,'',55,NULL,NULL,'200803    ')
INSERT INTO [f_gasfee] ([ID],[occurDate],[deposit],[refill],[refillMoney],[balance],[comment],[vehicleID],[operator],[feeType],[yearMonth]) VALUES(93,'2008-3-21 0:00:00',2000,0,0,3270.74,'',55,NULL,NULL,'200803    ')
INSERT INTO [f_gasfee] ([ID],[occurDate],[deposit],[refill],[refillMoney],[balance],[comment],[vehicleID],[operator],[feeType],[yearMonth]) VALUES(94,'2008-3-22 0:00:00',0,243.34,1270.26,2000.48,'',55,NULL,NULL,'200803    ')
INSERT INTO [f_gasfee] ([ID],[occurDate],[deposit],[refill],[refillMoney],[balance],[comment],[vehicleID],[operator],[feeType],[yearMonth]) VALUES(95,'2008-3-23 0:00:00',0,275.15,1436.28,564.200000000001,'',55,NULL,NULL,'200803    ')
INSERT INTO [f_gasfee] ([ID],[occurDate],[deposit],[refill],[refillMoney],[balance],[comment],[vehicleID],[operator],[feeType],[yearMonth]) VALUES(96,'2008-3-24 0:00:00',0,107.99,563.72,0.4800000000007,'',55,NULL,NULL,'200803    ')
INSERT INTO [f_gasfee] ([ID],[occurDate],[deposit],[refill],[refillMoney],[balance],[comment],[vehicleID],[operator],[feeType],[yearMonth]) VALUES(97,'2008-3-25 0:00:00',2000,0,0,2000.48,'',55,NULL,NULL,'200803    ')
INSERT INTO [f_gasfee] ([ID],[occurDate],[deposit],[refill],[refillMoney],[balance],[comment],[vehicleID],[operator],[feeType],[yearMonth]) VALUES(98,'2008-3-25 0:00:00',0,186.28,972.38,1028.1,'',55,NULL,NULL,'200803    ')
INSERT INTO [f_gasfee] ([ID],[occurDate],[deposit],[refill],[refillMoney],[balance],[comment],[vehicleID],[operator],[feeType],[yearMonth]) VALUES(99,'2008-3-26 0:00:00',0,196.86,1027.62,0.480000000000928,'',55,NULL,NULL,'200803    ')
INSERT INTO [f_gasfee] ([ID],[occurDate],[deposit],[refill],[refillMoney],[balance],[comment],[vehicleID],[operator],[feeType],[yearMonth]) VALUES(100,'2008-3-28 0:00:00',5000,0,0,5000.48,'',55,NULL,NULL,'200803    ')
INSERT INTO [f_gasfee] ([ID],[occurDate],[deposit],[refill],[refillMoney],[balance],[comment],[vehicleID],[operator],[feeType],[yearMonth]) VALUES(101,'2008-3-28 0:00:00',0,330.68,1726.15,3274.33,'',55,NULL,NULL,'200803    ')
INSERT INTO [f_gasfee] ([ID],[occurDate],[deposit],[refill],[refillMoney],[balance],[comment],[vehicleID],[operator],[feeType],[yearMonth]) VALUES(102,'2008-3-31 0:00:00',0,241.48,1260.53,2013.8,'',55,NULL,NULL,'200803    ')
INSERT INTO [f_gasfee] ([ID],[occurDate],[deposit],[refill],[refillMoney],[balance],[comment],[vehicleID],[operator],[feeType],[yearMonth]) VALUES(7,'2007-12-12 0:00:00',3000,0,0,3065,'',55,NULL,NULL,'200712    ')
INSERT INTO [f_gasfee] ([ID],[occurDate],[deposit],[refill],[refillMoney],[balance],[comment],[vehicleID],[operator],[feeType],[yearMonth]) VALUES(8,'2007-12-15 0:00:00',0,318.17,1660.85,1404.15,'',55,NULL,NULL,'200712    ')
INSERT INTO [f_gasfee] ([ID],[occurDate],[deposit],[refill],[refillMoney],[balance],[comment],[vehicleID],[operator],[feeType],[yearMonth]) VALUES(10,'2007-12-16 0:00:00',0,356.54,1339.19,4064.96,'',55,NULL,NULL,'200712    ')
INSERT INTO [f_gasfee] ([ID],[occurDate],[deposit],[refill],[refillMoney],[balance],[comment],[vehicleID],[operator],[feeType],[yearMonth]) VALUES(9,'2007-12-17 0:00:00',4000,0,0,5404.15,'',55,NULL,NULL,'200712    ')
INSERT INTO [f_gasfee] ([ID],[occurDate],[deposit],[refill],[refillMoney],[balance],[comment],[vehicleID],[operator],[feeType],[yearMonth]) VALUES(76,'2008-3-9 0:00:00',0,188.86,995.29,4418.05,'',55,NULL,NULL,'200803    ')
INSERT INTO [f_gasfee] ([ID],[occurDate],[deposit],[refill],[refillMoney],[balance],[comment],[vehicleID],[operator],[feeType],[yearMonth]) VALUES(22,'2007-12-28 0:00:00',0,270.11,1410,5064.96,'',55,NULL,NULL,'200712    ')
INSERT INTO [f_gasfee] ([ID],[occurDate],[deposit],[refill],[refillMoney],[balance],[comment],[vehicleID],[operator],[feeType],[yearMonth]) VALUES(23,'2008-12-8 0:00:00',0,12.37,64.57,5000.39,'',55,NULL,NULL,'200812    ')
INSERT INTO [f_gasfee] ([ID],[occurDate],[deposit],[refill],[refillMoney],[balance],[comment],[vehicleID],[operator],[feeType],[yearMonth]) VALUES(25,'2008-1-6 0:00:00',0,290,1513.8,2073.27,'',55,NULL,NULL,'200801    ')
INSERT INTO [f_gasfee] ([ID],[occurDate],[deposit],[refill],[refillMoney],[balance],[comment],[vehicleID],[operator],[feeType],[yearMonth]) VALUES(27,'2008-1-13 0:00:00',5000,0,0,5556.91,'',55,NULL,NULL,'200801    ')
INSERT INTO [f_gasfee] ([ID],[occurDate],[deposit],[refill],[refillMoney],[balance],[comment],[vehicleID],[operator],[feeType],[yearMonth]) VALUES(31,'2008-1-23 0:00:00',5000,0,0,5981.55,'',55,NULL,NULL,'200801    ')
INSERT INTO [f_gasfee] ([ID],[occurDate],[deposit],[refill],[refillMoney],[balance],[comment],[vehicleID],[operator],[feeType],[yearMonth]) VALUES(33,'2008-1-24 0:00:00',0,312.28,1630,4351.55,'',55,NULL,NULL,'200801    ')
INSERT INTO [f_gasfee] ([ID],[occurDate],[deposit],[refill],[refillMoney],[balance],[comment],[vehicleID],[operator],[feeType],[yearMonth]) VALUES(34,'2008-1-25 0:00:00',0,321.47,1678.07,2673.48,'',55,NULL,NULL,'200801    ')
INSERT INTO [f_gasfee] ([ID],[occurDate],[deposit],[refill],[refillMoney],[balance],[comment],[vehicleID],[operator],[feeType],[yearMonth]) VALUES(42,'2008-2-2 0:00:00',0,209.13,1100,3900.49,'',55,NULL,NULL,'200802    ')
INSERT INTO [f_gasfee] ([ID],[occurDate],[deposit],[refill],[refillMoney],[balance],[comment],[vehicleID],[operator],[feeType],[yearMonth]) VALUES(43,'2008-2-2 0:00:00',0,254.29,1327.37,2573.12,'',55,NULL,NULL,'200802    ')
INSERT INTO [f_gasfee] ([ID],[occurDate],[deposit],[refill],[refillMoney],[balance],[comment],[vehicleID],[operator],[feeType],[yearMonth]) VALUES(77,'2008-3-10 0:00:00',0,275.22,1450.41,2967.64,'',55,NULL,NULL,'200803    ')
INSERT INTO [f_gasfee] ([ID],[occurDate],[deposit],[refill],[refillMoney],[balance],[comment],[vehicleID],[operator],[feeType],[yearMonth]) VALUES(80,'2008-3-12 0:00:00',0,160.79,847.35,0.49000000000035,'',55,NULL,NULL,'200803    ')
INSERT INTO [f_gasfee] ([ID],[occurDate],[deposit],[refill],[refillMoney],[balance],[comment],[vehicleID],[operator],[feeType],[yearMonth]) VALUES(85,'2008-3-17 0:00:00',0,268.77,1416.42,1419.09,'',55,NULL,NULL,'200803    ')
SET IDENTITY_INSERT [f_gasfee] OFF

Print 'starting import f_maintain (20 records)'
SET IDENTITY_INSERT [f_maintain] ON
INSERT INTO [f_maintain] ([ID],[maintainDate],[category],[subCategory],[cost],[quantity],[handler],[vehicleID],[comment],[studio],[operator],[feeType],[yearMonth]) VALUES(1,'2007-11-15 0:00:00','加水箱','新水箱',1550,2,'王员庆',55,'','','',NULL,'200711    ')
INSERT INTO [f_maintain] ([ID],[maintainDate],[category],[subCategory],[cost],[quantity],[handler],[vehicleID],[comment],[studio],[operator],[feeType],[yearMonth]) VALUES(2,'2007-11-15 0:00:00','更换轮胎加热带','换韩泰11.00R20-16',20540,13,'王员庆',55,'','荣盛轮胎经营部','',NULL,'200711    ')
INSERT INTO [f_maintain] ([ID],[maintainDate],[category],[subCategory],[cost],[quantity],[handler],[vehicleID],[comment],[studio],[operator],[feeType],[yearMonth]) VALUES(3,'2007-11-20 0:00:00','加长大梁（卸科口保护）','加大梁',600,1,'王员庆',55,'','贵顺汽修','',NULL,'200711    ')
INSERT INTO [f_maintain] ([ID],[maintainDate],[category],[subCategory],[cost],[quantity],[handler],[vehicleID],[comment],[studio],[operator],[feeType],[yearMonth]) VALUES(4,'2007-11-20 0:00:00','安装腰灯','小射灯总成及开关',55,1,'王仁龙',55,'','兰天修理店','',NULL,'200711    ')
INSERT INTO [f_maintain] ([ID],[maintainDate],[category],[subCategory],[cost],[quantity],[handler],[vehicleID],[comment],[studio],[operator],[feeType],[yearMonth]) VALUES(5,'2007-11-20 0:00:00','加脚踏垫','新脚踏垫',30,2,'王仁龙',55,'','汇源汽配','',NULL,'200711    ')
INSERT INTO [f_maintain] ([ID],[maintainDate],[category],[subCategory],[cost],[quantity],[handler],[vehicleID],[comment],[studio],[operator],[feeType],[yearMonth]) VALUES(6,'2007-11-20 0:00:00','档泥板','新档泥板',90,6,'王仁龙',55,'','新立宏汽配','',NULL,'200711    ')
INSERT INTO [f_maintain] ([ID],[maintainDate],[category],[subCategory],[cost],[quantity],[handler],[vehicleID],[comment],[studio],[operator],[feeType],[yearMonth]) VALUES(8,'2007-11-27 0:00:00','新加修理工具','新增工具一批',638,1,'王员庆',55,'','常兴汽配','',NULL,'200711    ')
INSERT INTO [f_maintain] ([ID],[maintainDate],[category],[subCategory],[cost],[quantity],[handler],[vehicleID],[comment],[studio],[operator],[feeType],[yearMonth]) VALUES(9,'2007-12-1 0:00:00','加副油箱','新油箱（永固牌）',780,1,'王员庆',55,'','碧鸡汽修五金厂','',NULL,'200712    ')
INSERT INTO [f_maintain] ([ID],[maintainDate],[category],[subCategory],[cost],[quantity],[handler],[vehicleID],[comment],[studio],[operator],[feeType],[yearMonth]) VALUES(11,'2007-11-19 0:00:00','第一次强保（5000KM）','（工时费免）',160,2,'王仁龙',55,'','宏昌天马','',NULL,'200711    ')
INSERT INTO [f_maintain] ([ID],[maintainDate],[category],[subCategory],[cost],[quantity],[handler],[vehicleID],[comment],[studio],[operator],[feeType],[yearMonth]) VALUES(14,'2007-11-19 0:00:00','第一次强保（5000KM）','转向助力油',138,3,'王仁龙',55,'','宏昌天马','',NULL,'200711    ')
INSERT INTO [f_maintain] ([ID],[maintainDate],[category],[subCategory],[cost],[quantity],[handler],[vehicleID],[comment],[studio],[operator],[feeType],[yearMonth]) VALUES(15,'2007-11-19 0:00:00','第一次强保（5000KM）','方向机滤芯',10,1,'王仁龙',55,'','宏昌天马','',NULL,'200711    ')
INSERT INTO [f_maintain] ([ID],[maintainDate],[category],[subCategory],[cost],[quantity],[handler],[vehicleID],[comment],[studio],[operator],[feeType],[yearMonth]) VALUES(16,'2007-11-19 0:00:00','第一次强保（5000KM）','粗滤器滤芯',24,1,'王仁龙',55,'','宏昌天马','',NULL,'200711    ')
INSERT INTO [f_maintain] ([ID],[maintainDate],[category],[subCategory],[cost],[quantity],[handler],[vehicleID],[comment],[studio],[operator],[feeType],[yearMonth]) VALUES(18,'2007-11-24 0:00:00','四轮保养','统一弹子油',75,3,'王仁龙',55,'','建涛汽配行','',NULL,'200711    ')
INSERT INTO [f_maintain] ([ID],[maintainDate],[category],[subCategory],[cost],[quantity],[handler],[vehicleID],[comment],[studio],[operator],[feeType],[yearMonth]) VALUES(7,'2007-11-20 0:00:00','全车底盘打黄油','打黄油',25,1,'王仁龙',55,'','','',NULL,'200711    ')
INSERT INTO [f_maintain] ([ID],[maintainDate],[category],[subCategory],[cost],[quantity],[handler],[vehicleID],[comment],[studio],[operator],[feeType],[yearMonth]) VALUES(10,'2007-11-19 0:00:00','第一次强保（5000KM）','柴油机（强保）',300,1,'王仁龙',55,'','宏昌天马','',NULL,'200711    ')
INSERT INTO [f_maintain] ([ID],[maintainDate],[category],[subCategory],[cost],[quantity],[handler],[vehicleID],[comment],[studio],[operator],[feeType],[yearMonth]) VALUES(12,'2007-11-19 0:00:00','第一次强保（5000KM）','齿轮油',600,2,'王仁龙',55,'','宏昌天马','',NULL,'200711    ')
INSERT INTO [f_maintain] ([ID],[maintainDate],[category],[subCategory],[cost],[quantity],[handler],[vehicleID],[comment],[studio],[operator],[feeType],[yearMonth]) VALUES(13,'2007-11-19 0:00:00','第一次强保（5000KM）','（工时费免）',160,2,'王仁龙',55,'','宏昌天马','',NULL,'200711    ')
INSERT INTO [f_maintain] ([ID],[maintainDate],[category],[subCategory],[cost],[quantity],[handler],[vehicleID],[comment],[studio],[operator],[feeType],[yearMonth]) VALUES(17,'2007-11-24 0:00:00','四轮保养','拨轮子',80,4,'王仁龙',55,'','建涛汽配行','',NULL,'200711    ')
INSERT INTO [f_maintain] ([ID],[maintainDate],[category],[subCategory],[cost],[quantity],[handler],[vehicleID],[comment],[studio],[operator],[feeType],[yearMonth]) VALUES(19,'2007-11-24 0:00:00','四轮保养','调查衬垫',30,1,'王仁龙',55,'','建涛汽配行','',NULL,'200711    ')
INSERT INTO [f_maintain] ([ID],[maintainDate],[category],[subCategory],[cost],[quantity],[handler],[vehicleID],[comment],[studio],[operator],[feeType],[yearMonth]) VALUES(20,'2007-11-24 0:00:00','四轮保养','垫片',15,1,'王仁龙',55,'','建涛汽配行','',NULL,'200711    ')
SET IDENTITY_INSERT [f_maintain] OFF

Print 'starting import f_vehicle_material (33 records)'
SET IDENTITY_INSERT [f_vehicle_material] ON
INSERT INTO [f_vehicle_material] ([materialId],[name],[lastKeeper],[lastChangeDate],[vehicleID],[state],[comment]) VALUES(1,'机动车登记证书','马敏','2008-5-6 0:00:00',15,NULL,'')
INSERT INTO [f_vehicle_material] ([materialId],[name],[lastKeeper],[lastChangeDate],[vehicleID],[state],[comment]) VALUES(2,'购置税完税证书','陈志方','2009-4-28 0:00:00',15,NULL,'')
INSERT INTO [f_vehicle_material] ([materialId],[name],[lastKeeper],[lastChangeDate],[vehicleID],[state],[comment]) VALUES(3,'欧曼使用说明书','马敏','2008-5-6 0:00:00',15,NULL,'')
INSERT INTO [f_vehicle_material] ([materialId],[name],[lastKeeper],[lastChangeDate],[vehicleID],[state],[comment]) VALUES(4,'欧曼保修手册','陈志方','2009-4-28 0:00:00',15,NULL,'')
INSERT INTO [f_vehicle_material] ([materialId],[name],[lastKeeper],[lastChangeDate],[vehicleID],[state],[comment]) VALUES(5,'WD615欧Ⅱ柴油机随机资料','马敏','2008-5-6 0:00:00',15,NULL,'')
INSERT INTO [f_vehicle_material] ([materialId],[name],[lastKeeper],[lastChangeDate],[vehicleID],[state],[comment]) VALUES(6,'机动车登记证书','马敏','2008-5-6 0:00:00',55,NULL,'')
INSERT INTO [f_vehicle_material] ([materialId],[name],[lastKeeper],[lastChangeDate],[vehicleID],[state],[comment]) VALUES(7,'购置税完税证书','陈志方','2009-4-28 0:00:00',55,NULL,'')
INSERT INTO [f_vehicle_material] ([materialId],[name],[lastKeeper],[lastChangeDate],[vehicleID],[state],[comment]) VALUES(8,'欧曼使用说明书','马敏','2008-5-6 0:00:00',55,NULL,'')
INSERT INTO [f_vehicle_material] ([materialId],[name],[lastKeeper],[lastChangeDate],[vehicleID],[state],[comment]) VALUES(9,'WD615Ⅱ柴油机随机资料','马敏','2008-5-6 0:00:00',55,NULL,'')
INSERT INTO [f_vehicle_material] ([materialId],[name],[lastKeeper],[lastChangeDate],[vehicleID],[state],[comment]) VALUES(10,'WD615主要附件使用说明书','马敏','2008-5-6 0:00:00',55,NULL,'')
INSERT INTO [f_vehicle_material] ([materialId],[name],[lastKeeper],[lastChangeDate],[vehicleID],[state],[comment]) VALUES(11,'WD615Ⅱ.50合格证','马敏','2008-5-6 0:00:00',55,NULL,'')
INSERT INTO [f_vehicle_material] ([materialId],[name],[lastKeeper],[lastChangeDate],[vehicleID],[state],[comment]) VALUES(12,'双中回轴系列变速器说明书','马敏','2008-5-6 0:00:00',55,NULL,'')
INSERT INTO [f_vehicle_material] ([materialId],[name],[lastKeeper],[lastChangeDate],[vehicleID],[state],[comment]) VALUES(13,'欧曼保修卡票据单','马敏','2008-5-6 0:00:00',55,NULL,'')
INSERT INTO [f_vehicle_material] ([materialId],[name],[lastKeeper],[lastChangeDate],[vehicleID],[state],[comment]) VALUES(14,'PE储罐出厂合格证','马敏','2008-5-6 0:00:00',55,NULL,'')
INSERT INTO [f_vehicle_material] ([materialId],[name],[lastKeeper],[lastChangeDate],[vehicleID],[state],[comment]) VALUES(15,'PE罐车用户手册','马敏','2008-5-6 0:00:00',55,NULL,'')
INSERT INTO [f_vehicle_material] ([materialId],[name],[lastKeeper],[lastChangeDate],[vehicleID],[state],[comment]) VALUES(16,'大力系列油罐车说明书','马敏','2008-5-6 0:00:00',55,NULL,'')
INSERT INTO [f_vehicle_material] ([materialId],[name],[lastKeeper],[lastChangeDate],[vehicleID],[state],[comment]) VALUES(17,'大力专用车用户手册','马敏','2008-5-6 0:00:00',55,NULL,'')
INSERT INTO [f_vehicle_material] ([materialId],[name],[lastKeeper],[lastChangeDate],[vehicleID],[state],[comment]) VALUES(18,'大力制造合格铝牌','马敏','2008-5-6 0:00:00',55,NULL,'')
INSERT INTO [f_vehicle_material] ([materialId],[name],[lastKeeper],[lastChangeDate],[vehicleID],[state],[comment]) VALUES(19,'行驶证（正副证）','陈志方','2009-4-28 0:00:00',55,NULL,'')
INSERT INTO [f_vehicle_material] ([materialId],[name],[lastKeeper],[lastChangeDate],[vehicleID],[state],[comment]) VALUES(20,'营运证（正副证）','陈志方','2009-4-28 0:00:00',55,NULL,'')
INSERT INTO [f_vehicle_material] ([materialId],[name],[lastKeeper],[lastChangeDate],[vehicleID],[state],[comment]) VALUES(21,'二级维护卡','陈志方','2009-4-28 0:00:00',55,NULL,'')
INSERT INTO [f_vehicle_material] ([materialId],[name],[lastKeeper],[lastChangeDate],[vehicleID],[state],[comment]) VALUES(22,'保险单（交强险）','马敏','2008-5-6 0:00:00',55,NULL,'')
INSERT INTO [f_vehicle_material] ([materialId],[name],[lastKeeper],[lastChangeDate],[vehicleID],[state],[comment]) VALUES(23,'保险单（责任险）','马敏','2008-5-6 0:00:00',55,NULL,'')
INSERT INTO [f_vehicle_material] ([materialId],[name],[lastKeeper],[lastChangeDate],[vehicleID],[state],[comment]) VALUES(24,'保险单（车损险）','马敏','2008-5-6 0:00:00',55,NULL,'')
INSERT INTO [f_vehicle_material] ([materialId],[name],[lastKeeper],[lastChangeDate],[vehicleID],[state],[comment]) VALUES(25,'保险单（意外险）',NULL,NULL,55,NULL,'')
INSERT INTO [f_vehicle_material] ([materialId],[name],[lastKeeper],[lastChangeDate],[vehicleID],[state],[comment]) VALUES(26,'罐检报告',NULL,NULL,55,NULL,'')
INSERT INTO [f_vehicle_material] ([materialId],[name],[lastKeeper],[lastChangeDate],[vehicleID],[state],[comment]) VALUES(27,'罐检合格证','陈志方','2009-4-28 0:00:00',55,NULL,'')
INSERT INTO [f_vehicle_material] ([materialId],[name],[lastKeeper],[lastChangeDate],[vehicleID],[state],[comment]) VALUES(28,'车钥匙（1把）','陈志方','2009-4-28 0:00:00',55,NULL,'')
INSERT INTO [f_vehicle_material] ([materialId],[name],[lastKeeper],[lastChangeDate],[vehicleID],[state],[comment]) VALUES(29,'车钥匙（1把）','陈志方','2009-4-28 0:00:00',55,NULL,'')
INSERT INTO [f_vehicle_material] ([materialId],[name],[lastKeeper],[lastChangeDate],[vehicleID],[state],[comment]) VALUES(30,'车钥匙（1把）','王艺斌','2007-12-11 0:00:00',55,NULL,'')
INSERT INTO [f_vehicle_material] ([materialId],[name],[lastKeeper],[lastChangeDate],[vehicleID],[state],[comment]) VALUES(31,'保险卡','陈志方','2009-4-28 0:00:00',55,NULL,'')
INSERT INTO [f_vehicle_material] ([materialId],[name],[lastKeeper],[lastChangeDate],[vehicleID],[state],[comment]) VALUES(32,'中石化加油卡','陈志方','2009-4-28 0:00:00',55,NULL,'')
INSERT INTO [f_vehicle_material] ([materialId],[name],[lastKeeper],[lastChangeDate],[vehicleID],[state],[comment]) VALUES(33,'欧曼保修手册','陈志方','2009-4-28 0:00:00',55,NULL,'')
SET IDENTITY_INSERT [f_vehicle_material] OFF

Print 'starting import f_material_keep_log (60 records)'
SET IDENTITY_INSERT [f_material_keep_log] ON
INSERT INTO [f_material_keep_log] ([ID],[materialId],[keeper],[occurDate],[comment],[operator]) VALUES(1,1,'张艳娜','2007-12-2 0:00:00','',NULL)
INSERT INTO [f_material_keep_log] ([ID],[materialId],[keeper],[occurDate],[comment],[operator]) VALUES(2,1,'马敏','2008-5-6 0:00:00','',NULL)
INSERT INTO [f_material_keep_log] ([ID],[materialId],[keeper],[occurDate],[comment],[operator]) VALUES(3,2,'王仁彪','2007-12-2 0:00:00','',NULL)
INSERT INTO [f_material_keep_log] ([ID],[materialId],[keeper],[occurDate],[comment],[operator]) VALUES(4,2,'陈志方','2009-4-28 0:00:00','',NULL)
INSERT INTO [f_material_keep_log] ([ID],[materialId],[keeper],[occurDate],[comment],[operator]) VALUES(5,3,'张艳娜',NULL,'' + CHAR(13) + CHAR(10) + '',NULL)
INSERT INTO [f_material_keep_log] ([ID],[materialId],[keeper],[occurDate],[comment],[operator]) VALUES(6,3,'马敏','2008-5-6 0:00:00','',NULL)
INSERT INTO [f_material_keep_log] ([ID],[materialId],[keeper],[occurDate],[comment],[operator]) VALUES(7,4,'王仁龙','2007-12-2 0:00:00','',NULL)
INSERT INTO [f_material_keep_log] ([ID],[materialId],[keeper],[occurDate],[comment],[operator]) VALUES(8,4,'陈志方','2009-4-28 0:00:00','',NULL)
INSERT INTO [f_material_keep_log] ([ID],[materialId],[keeper],[occurDate],[comment],[operator]) VALUES(9,5,'张艳娜','2007-12-2 0:00:00','',NULL)
INSERT INTO [f_material_keep_log] ([ID],[materialId],[keeper],[occurDate],[comment],[operator]) VALUES(10,5,'马敏','2008-5-6 0:00:00','',NULL)
INSERT INTO [f_material_keep_log] ([ID],[materialId],[keeper],[occurDate],[comment],[operator]) VALUES(11,6,'张艳娜','2007-12-2 0:00:00','',NULL)
INSERT INTO [f_material_keep_log] ([ID],[materialId],[keeper],[occurDate],[comment],[operator]) VALUES(12,6,'马敏','2008-5-6 0:00:00','',NULL)
INSERT INTO [f_material_keep_log] ([ID],[materialId],[keeper],[occurDate],[comment],[operator]) VALUES(13,7,'王仁龙','2007-12-2 0:00:00','',NULL)
INSERT INTO [f_material_keep_log] ([ID],[materialId],[keeper],[occurDate],[comment],[operator]) VALUES(14,7,'陈志方','2009-4-28 0:00:00','',NULL)
INSERT INTO [f_material_keep_log] ([ID],[materialId],[keeper],[occurDate],[comment],[operator]) VALUES(15,8,'张艳娜','2007-12-2 0:00:00','',NULL)
INSERT INTO [f_material_keep_log] ([ID],[materialId],[keeper],[occurDate],[comment],[operator]) VALUES(16,8,'马敏','2008-5-6 0:00:00','',NULL)
INSERT INTO [f_material_keep_log] ([ID],[materialId],[keeper],[occurDate],[comment],[operator]) VALUES(17,33,'王仁龙','2007-12-2 0:00:00','',NULL)
INSERT INTO [f_material_keep_log] ([ID],[materialId],[keeper],[occurDate],[comment],[operator]) VALUES(18,33,'陈志方','2009-4-28 0:00:00','',NULL)
INSERT INTO [f_material_keep_log] ([ID],[materialId],[keeper],[occurDate],[comment],[operator]) VALUES(19,9,'张艳娜','2007-12-2 0:00:00','',NULL)
INSERT INTO [f_material_keep_log] ([ID],[materialId],[keeper],[occurDate],[comment],[operator]) VALUES(20,9,'马敏','2008-5-6 0:00:00','',NULL)
INSERT INTO [f_material_keep_log] ([ID],[materialId],[keeper],[occurDate],[comment],[operator]) VALUES(21,10,'张艳娜','2007-12-2 0:00:00','',NULL)
INSERT INTO [f_material_keep_log] ([ID],[materialId],[keeper],[occurDate],[comment],[operator]) VALUES(22,10,'马敏','2008-5-6 0:00:00','',NULL)
INSERT INTO [f_material_keep_log] ([ID],[materialId],[keeper],[occurDate],[comment],[operator]) VALUES(23,11,'张艳娜','2007-12-2 0:00:00','',NULL)
INSERT INTO [f_material_keep_log] ([ID],[materialId],[keeper],[occurDate],[comment],[operator]) VALUES(24,11,'马敏','2008-5-6 0:00:00','',NULL)
INSERT INTO [f_material_keep_log] ([ID],[materialId],[keeper],[occurDate],[comment],[operator]) VALUES(25,12,'张艳娜','2007-12-2 0:00:00','',NULL)
INSERT INTO [f_material_keep_log] ([ID],[materialId],[keeper],[occurDate],[comment],[operator]) VALUES(26,12,'马敏','2008-5-6 0:00:00','',NULL)
INSERT INTO [f_material_keep_log] ([ID],[materialId],[keeper],[occurDate],[comment],[operator]) VALUES(27,13,'张艳娜','2007-12-2 0:00:00','',NULL)
INSERT INTO [f_material_keep_log] ([ID],[materialId],[keeper],[occurDate],[comment],[operator]) VALUES(28,13,'马敏','2008-5-6 0:00:00','',NULL)
INSERT INTO [f_material_keep_log] ([ID],[materialId],[keeper],[occurDate],[comment],[operator]) VALUES(29,14,'张艳娜','2007-12-2 0:00:00','',NULL)
INSERT INTO [f_material_keep_log] ([ID],[materialId],[keeper],[occurDate],[comment],[operator]) VALUES(30,14,'马敏','2008-5-6 0:00:00','',NULL)
INSERT INTO [f_material_keep_log] ([ID],[materialId],[keeper],[occurDate],[comment],[operator]) VALUES(31,15,'张艳娜','2007-12-2 0:00:00','',NULL)
INSERT INTO [f_material_keep_log] ([ID],[materialId],[keeper],[occurDate],[comment],[operator]) VALUES(32,15,'马敏','2008-5-6 0:00:00','',NULL)
INSERT INTO [f_material_keep_log] ([ID],[materialId],[keeper],[occurDate],[comment],[operator]) VALUES(33,16,'张艳娜','2007-12-2 0:00:00','',NULL)
INSERT INTO [f_material_keep_log] ([ID],[materialId],[keeper],[occurDate],[comment],[operator]) VALUES(34,16,'马敏','2008-5-6 0:00:00','',NULL)
INSERT INTO [f_material_keep_log] ([ID],[materialId],[keeper],[occurDate],[comment],[operator]) VALUES(35,17,'张艳娜','2007-12-2 0:00:00','',NULL)
INSERT INTO [f_material_keep_log] ([ID],[materialId],[keeper],[occurDate],[comment],[operator]) VALUES(36,17,'马敏','2008-5-6 0:00:00','',NULL)
INSERT INTO [f_material_keep_log] ([ID],[materialId],[keeper],[occurDate],[comment],[operator]) VALUES(37,18,'张艳娜','2007-12-2 0:00:00','',NULL)
INSERT INTO [f_material_keep_log] ([ID],[materialId],[keeper],[occurDate],[comment],[operator]) VALUES(38,18,'马敏','2008-5-6 0:00:00','',NULL)
INSERT INTO [f_material_keep_log] ([ID],[materialId],[keeper],[occurDate],[comment],[operator]) VALUES(39,19,'王仁龙','2007-12-2 0:00:00','',NULL)
INSERT INTO [f_material_keep_log] ([ID],[materialId],[keeper],[occurDate],[comment],[operator]) VALUES(40,19,'陈志方','2009-4-28 0:00:00','',NULL)
INSERT INTO [f_material_keep_log] ([ID],[materialId],[keeper],[occurDate],[comment],[operator]) VALUES(41,20,'王仁龙','2007-12-2 0:00:00','',NULL)
INSERT INTO [f_material_keep_log] ([ID],[materialId],[keeper],[occurDate],[comment],[operator]) VALUES(42,20,'陈志方','2009-4-28 0:00:00','',NULL)
INSERT INTO [f_material_keep_log] ([ID],[materialId],[keeper],[occurDate],[comment],[operator]) VALUES(43,21,'王仁龙','2007-12-2 0:00:00','',NULL)
INSERT INTO [f_material_keep_log] ([ID],[materialId],[keeper],[occurDate],[comment],[operator]) VALUES(44,21,'陈志方','2009-4-28 0:00:00','',NULL)
INSERT INTO [f_material_keep_log] ([ID],[materialId],[keeper],[occurDate],[comment],[operator]) VALUES(45,22,'张艳娜','2007-12-2 0:00:00','',NULL)
INSERT INTO [f_material_keep_log] ([ID],[materialId],[keeper],[occurDate],[comment],[operator]) VALUES(46,22,'马敏','2008-5-6 0:00:00','',NULL)
INSERT INTO [f_material_keep_log] ([ID],[materialId],[keeper],[occurDate],[comment],[operator]) VALUES(47,23,'张艳娜','2007-12-2 0:00:00','',NULL)
INSERT INTO [f_material_keep_log] ([ID],[materialId],[keeper],[occurDate],[comment],[operator]) VALUES(48,23,'马敏','2008-5-6 0:00:00','',NULL)
INSERT INTO [f_material_keep_log] ([ID],[materialId],[keeper],[occurDate],[comment],[operator]) VALUES(49,24,'张艳娜','2007-12-2 0:00:00','',NULL)
INSERT INTO [f_material_keep_log] ([ID],[materialId],[keeper],[occurDate],[comment],[operator]) VALUES(50,24,'马敏','2008-5-6 0:00:00','',NULL)
INSERT INTO [f_material_keep_log] ([ID],[materialId],[keeper],[occurDate],[comment],[operator]) VALUES(51,27,'王仁龙','2007-12-2 0:00:00','',NULL)
INSERT INTO [f_material_keep_log] ([ID],[materialId],[keeper],[occurDate],[comment],[operator]) VALUES(52,27,'陈志方','2009-4-28 0:00:00','',NULL)
INSERT INTO [f_material_keep_log] ([ID],[materialId],[keeper],[occurDate],[comment],[operator]) VALUES(53,28,'王仁龙','2007-12-2 0:00:00','',NULL)
INSERT INTO [f_material_keep_log] ([ID],[materialId],[keeper],[occurDate],[comment],[operator]) VALUES(54,28,'陈志方','2009-4-28 0:00:00','',NULL)
INSERT INTO [f_material_keep_log] ([ID],[materialId],[keeper],[occurDate],[comment],[operator]) VALUES(55,29,'王仁龙','2007-12-2 0:00:00','',NULL)
INSERT INTO [f_material_keep_log] ([ID],[materialId],[keeper],[occurDate],[comment],[operator]) VALUES(56,29,'陈志方','2009-4-28 0:00:00','',NULL)
INSERT INTO [f_material_keep_log] ([ID],[materialId],[keeper],[occurDate],[comment],[operator]) VALUES(57,30,'王艺斌','2007-12-11 0:00:00','',NULL)
INSERT INTO [f_material_keep_log] ([ID],[materialId],[keeper],[occurDate],[comment],[operator]) VALUES(58,31,'王仁龙','2007-12-2 0:00:00','',NULL)
INSERT INTO [f_material_keep_log] ([ID],[materialId],[keeper],[occurDate],[comment],[operator]) VALUES(59,31,'陈志方','2009-4-28 0:00:00','',NULL)
INSERT INTO [f_material_keep_log] ([ID],[materialId],[keeper],[occurDate],[comment],[operator]) VALUES(60,32,'陈志方','2009-4-28 0:00:00','',NULL)
SET IDENTITY_INSERT [f_material_keep_log] OFF

Print 'starting import f_monthly_report (2 records)'
SET IDENTITY_INSERT [f_monthly_report] ON
INSERT INTO [f_monthly_report] ([id],[yearMonth],[income],[costs],[note1],[note2],[note3],[note4],[note5],[vehicleID]) VALUES(1,'201001',NULL,NULL,'1','1','1','1','1',38)
INSERT INTO [f_monthly_report] ([id],[yearMonth],[income],[costs],[note1],[note2],[note3],[note4],[note5],[vehicleID]) VALUES(2,'200711',NULL,NULL,'支出中其他类六项属新车一次性投入，达2188.00','由于油料紧张B11-13所加油258.62L（币：1350.00）未用储存公司','新车到达油箱无油B11-4所加油442L（币：2497.30）属新车投入','考核油耗：1102.5L，实用1678.87L，扣除：258.62+442L，结论：合格','',55)
SET IDENTITY_INSERT [f_monthly_report] OFF

Print 'starting import f_runingLog (7 records)'
SET IDENTITY_INSERT [f_runingLog] ON
INSERT INTO [f_runingLog] ([ID],[ticketNo],[startDate],[endDate],[driver],[escorterID],[goodsName],[shipPrice],[loadWeight],[unloadWeight],[startDisRecord],[endDisRecord],[loadSite],[unloadSite],[billTo],[totalCost],[paymentMethod],[paymentReceiveDate],[state],[comment],[vehicleID],[operator],[governmentRecordNo],[planedDistance],[actualDistance],[planedGas],[actualGas],[GasByCash],[GasByCard],[gasByCashCost],[gasByCardCost],[planedRoadFee],[actualRoadFee],[managementFee],[overLimitFee],[yearMonth]) VALUES(1,'B11-4','2007-11-16 0:00:00','2007-11-16 0:00:00','王仁龙','王员庆','硫酸',10,40.52,40.46,2683,2753,'宏宇','世翔','富民宏宇',404.6,'',NULL,NULL,'',55,'','',60,70,27,442,0,442,0,2497.3,0,0,0,0,'200711')
INSERT INTO [f_runingLog] ([ID],[ticketNo],[startDate],[endDate],[driver],[escorterID],[goodsName],[shipPrice],[loadWeight],[unloadWeight],[startDisRecord],[endDisRecord],[loadSite],[unloadSite],[billTo],[totalCost],[paymentMethod],[paymentReceiveDate],[state],[comment],[vehicleID],[operator],[governmentRecordNo],[planedDistance],[actualDistance],[planedGas],[actualGas],[GasByCash],[GasByCard],[gasByCashCost],[gasByCardCost],[planedRoadFee],[actualRoadFee],[managementFee],[overLimitFee],[yearMonth]) VALUES(2,'B11-5','2007-11-17 0:00:00','2007-11-17 0:00:00','王仁龙','王员庆','硫酸',250,0,43.56,2753,3453,'富民','攀枝花','富民宏宇',10890,'转账','2007-12-27 0:00:00',NULL,'',55,'','00072451',750,700,337.5,456.05,139.05,317,880,1791.05,0,442,0,0,'200711')
INSERT INTO [f_runingLog] ([ID],[ticketNo],[startDate],[endDate],[driver],[escorterID],[goodsName],[shipPrice],[loadWeight],[unloadWeight],[startDisRecord],[endDisRecord],[loadSite],[unloadSite],[billTo],[totalCost],[paymentMethod],[paymentReceiveDate],[state],[comment],[vehicleID],[operator],[governmentRecordNo],[planedDistance],[actualDistance],[planedGas],[actualGas],[GasByCash],[GasByCard],[gasByCashCost],[gasByCardCost],[planedRoadFee],[actualRoadFee],[managementFee],[overLimitFee],[yearMonth]) VALUES(3,'B11-7','2007-11-21 0:00:00','2007-11-21 0:00:00','王仁龙','','硫酸',50,43.3,38.08,3453,3667,'富民','安宁金地','营销部',1904,'',NULL,NULL,'',55,'','01098790',180,214,81,0,0,0,0,0,0,320,0,0,'200711')
INSERT INTO [f_runingLog] ([ID],[ticketNo],[startDate],[endDate],[driver],[escorterID],[goodsName],[shipPrice],[loadWeight],[unloadWeight],[startDisRecord],[endDisRecord],[loadSite],[unloadSite],[billTo],[totalCost],[paymentMethod],[paymentReceiveDate],[state],[comment],[vehicleID],[operator],[governmentRecordNo],[planedDistance],[actualDistance],[planedGas],[actualGas],[GasByCash],[GasByCard],[gasByCashCost],[gasByCardCost],[planedRoadFee],[actualRoadFee],[managementFee],[overLimitFee],[yearMonth]) VALUES(4,'B11-8','2007-11-22 0:00:00','2007-11-22 0:00:00','王仁龙','','硫酸',50,0,43.4,3667,3847,'富民','安宁金地','营销部',2170,'',NULL,NULL,'',55,'','01098790',180,180,81,0,0,0,0,0,0,287,0,0,'200711')
INSERT INTO [f_runingLog] ([ID],[ticketNo],[startDate],[endDate],[driver],[escorterID],[goodsName],[shipPrice],[loadWeight],[unloadWeight],[startDisRecord],[endDisRecord],[loadSite],[unloadSite],[billTo],[totalCost],[paymentMethod],[paymentReceiveDate],[state],[comment],[vehicleID],[operator],[governmentRecordNo],[planedDistance],[actualDistance],[planedGas],[actualGas],[GasByCash],[GasByCard],[gasByCashCost],[gasByCardCost],[planedRoadFee],[actualRoadFee],[managementFee],[overLimitFee],[yearMonth]) VALUES(5,'B11-9','2007-11-22 0:00:00','2007-11-22 0:00:00','王仁龙','','硫酸',50,43.3,34.92,3847,4026,'富民','安宁金地','营销部',1746,'',NULL,NULL,'',55,'','01098790',180,179,81,0,0,0,0,0,0,120,0,0,'200711')
INSERT INTO [f_runingLog] ([ID],[ticketNo],[startDate],[endDate],[driver],[escorterID],[goodsName],[shipPrice],[loadWeight],[unloadWeight],[startDisRecord],[endDisRecord],[loadSite],[unloadSite],[billTo],[totalCost],[paymentMethod],[paymentReceiveDate],[state],[comment],[vehicleID],[operator],[governmentRecordNo],[planedDistance],[actualDistance],[planedGas],[actualGas],[GasByCash],[GasByCard],[gasByCashCost],[gasByCardCost],[planedRoadFee],[actualRoadFee],[managementFee],[overLimitFee],[yearMonth]) VALUES(6,'B11-10','2007-11-23 0:00:00','2007-11-23 0:00:00','王仁龙','','硫酸',30,0,43.64,4026,4137,'富民','公司','营销部',1309.2,'',NULL,NULL,'',55,'','00072476',120,111,54,0,0,0,0,0,0,114,0,0,'200711')
INSERT INTO [f_runingLog] ([ID],[ticketNo],[startDate],[endDate],[driver],[escorterID],[goodsName],[shipPrice],[loadWeight],[unloadWeight],[startDisRecord],[endDisRecord],[loadSite],[unloadSite],[billTo],[totalCost],[paymentMethod],[paymentReceiveDate],[state],[comment],[vehicleID],[operator],[governmentRecordNo],[planedDistance],[actualDistance],[planedGas],[actualGas],[GasByCash],[GasByCard],[gasByCashCost],[gasByCardCost],[planedRoadFee],[actualRoadFee],[managementFee],[overLimitFee],[yearMonth]) VALUES(7,'B11-13','2007-11-25 0:00:00','2007-11-25 0:00:00','王仁龙','','硫酸',50,0,43.64,4137,4339,'富民','安宁金地','营销部',2182,'',NULL,NULL,'',55,'','01098790',180,202,81,374.64,115.25,258.62,606,1350,0,174,0,0,'200711')
SET IDENTITY_INSERT [f_runingLog] OFF

Print 'starting import f_tools (26 records)'
SET IDENTITY_INSERT [f_tools] ON
INSERT INTO [f_tools] ([toolId],[toolName],[lastKeeper],[lastChangeDate],[vehicleID],[state],[comment]) VALUES(1,'50T千斤顶','李兴','2009-5-3 0:00:00',55,NULL,'')
INSERT INTO [f_tools] ([toolId],[toolName],[lastKeeper],[lastChangeDate],[vehicleID],[state],[comment]) VALUES(2,'省力帮手（四件套）','李兴','2009-5-3 0:00:00',55,NULL,'')
INSERT INTO [f_tools] ([toolId],[toolName],[lastKeeper],[lastChangeDate],[vehicleID],[state],[comment]) VALUES(3,'开口帮10-12','李兴','2009-5-3 0:00:00',55,NULL,'')
INSERT INTO [f_tools] ([toolId],[toolName],[lastKeeper],[lastChangeDate],[vehicleID],[state],[comment]) VALUES(4,'开口帮12-14','李兴','2009-5-3 0:00:00',55,NULL,'')
INSERT INTO [f_tools] ([toolId],[toolName],[lastKeeper],[lastChangeDate],[vehicleID],[state],[comment]) VALUES(5,'开口帮13-15','李兴','2009-5-3 0:00:00',55,NULL,'')
INSERT INTO [f_tools] ([toolId],[toolName],[lastKeeper],[lastChangeDate],[vehicleID],[state],[comment]) VALUES(6,'开口帮16-18','李兴','2009-5-3 0:00:00',55,NULL,'')
INSERT INTO [f_tools] ([toolId],[toolName],[lastKeeper],[lastChangeDate],[vehicleID],[state],[comment]) VALUES(7,'开口帮17-19','李兴','2009-5-3 0:00:00',55,NULL,'')
INSERT INTO [f_tools] ([toolId],[toolName],[lastKeeper],[lastChangeDate],[vehicleID],[state],[comment]) VALUES(8,'开口帮22-24','李兴','2009-5-3 0:00:00',55,NULL,'')
INSERT INTO [f_tools] ([toolId],[toolName],[lastKeeper],[lastChangeDate],[vehicleID],[state],[comment]) VALUES(9,'梅花帮8-10','李兴','2009-5-3 0:00:00',55,NULL,'')
INSERT INTO [f_tools] ([toolId],[toolName],[lastKeeper],[lastChangeDate],[vehicleID],[state],[comment]) VALUES(13,'梅花帮17-19','李兴','2009-5-3 0:00:00',55,NULL,'')
INSERT INTO [f_tools] ([toolId],[toolName],[lastKeeper],[lastChangeDate],[vehicleID],[state],[comment]) VALUES(15,'十字槽螺钉旋具100','李兴','2009-5-3 0:00:00',55,NULL,'')
INSERT INTO [f_tools] ([toolId],[toolName],[lastKeeper],[lastChangeDate],[vehicleID],[state],[comment]) VALUES(16,'一字槽螺钉旋具200','李兴','2009-5-3 0:00:00',55,NULL,'')
INSERT INTO [f_tools] ([toolId],[toolName],[lastKeeper],[lastChangeDate],[vehicleID],[state],[comment]) VALUES(17,'活扳手300','李兴','2009-5-3 0:00:00',55,NULL,'')
INSERT INTO [f_tools] ([toolId],[toolName],[lastKeeper],[lastChangeDate],[vehicleID],[state],[comment]) VALUES(23,'黄油枪','李兴','2009-5-3 0:00:00',55,NULL,'')
INSERT INTO [f_tools] ([toolId],[toolName],[lastKeeper],[lastChangeDate],[vehicleID],[state],[comment]) VALUES(25,'梅花起子','王仁龙','2007-12-2 0:00:00',55,NULL,'王仁龙交工具时没有')
INSERT INTO [f_tools] ([toolId],[toolName],[lastKeeper],[lastChangeDate],[vehicleID],[state],[comment]) VALUES(26,'防酸服2套和面罩','李兴','2009-5-3 0:00:00',55,NULL,'')
INSERT INTO [f_tools] ([toolId],[toolName],[lastKeeper],[lastChangeDate],[vehicleID],[state],[comment]) VALUES(10,'梅花帮12-14','李兴','2009-5-3 0:00:00',55,NULL,'')
INSERT INTO [f_tools] ([toolId],[toolName],[lastKeeper],[lastChangeDate],[vehicleID],[state],[comment]) VALUES(11,'梅花帮13-15','李兴','2009-5-3 0:00:00',55,NULL,'')
INSERT INTO [f_tools] ([toolId],[toolName],[lastKeeper],[lastChangeDate],[vehicleID],[state],[comment]) VALUES(12,'梅花帮16-18','李兴','2009-5-3 0:00:00',55,NULL,'')
INSERT INTO [f_tools] ([toolId],[toolName],[lastKeeper],[lastChangeDate],[vehicleID],[state],[comment]) VALUES(14,'梅花帮22-24','李兴','2009-5-3 0:00:00',55,NULL,'')
INSERT INTO [f_tools] ([toolId],[toolName],[lastKeeper],[lastChangeDate],[vehicleID],[state],[comment]) VALUES(18,'鲤鱼钳200（胶把钳）','李兴','2009-5-3 0:00:00',55,NULL,'')
INSERT INTO [f_tools] ([toolId],[toolName],[lastKeeper],[lastChangeDate],[vehicleID],[state],[comment]) VALUES(19,'轮胎撬棒700','李兴','2009-5-3 0:00:00',55,NULL,'')
INSERT INTO [f_tools] ([toolId],[toolName],[lastKeeper],[lastChangeDate],[vehicleID],[state],[comment]) VALUES(20,'轮胎套筒32×33','李兴','2009-5-3 0:00:00',55,NULL,'')
INSERT INTO [f_tools] ([toolId],[toolName],[lastKeeper],[lastChangeDate],[vehicleID],[state],[comment]) VALUES(21,'工具袋','李兴','2009-5-3 0:00:00',55,NULL,'')
INSERT INTO [f_tools] ([toolId],[toolName],[lastKeeper],[lastChangeDate],[vehicleID],[state],[comment]) VALUES(22,'工作灯24','李兴','2009-5-3 0:00:00',55,NULL,'')
INSERT INTO [f_tools] ([toolId],[toolName],[lastKeeper],[lastChangeDate],[vehicleID],[state],[comment]) VALUES(24,'故障车警告牌2付','李兴','2009-5-3 0:00:00',55,NULL,'')
SET IDENTITY_INSERT [f_tools] OFF

Print 'starting import f_tools_keep_log (74 records)'
SET IDENTITY_INSERT [f_tools_keep_log] ON
INSERT INTO [f_tools_keep_log] ([ID],[keeper],[occurDate],[toolId],[comment],[operator]) VALUES(1,'王仁龙','2007-12-2 0:00:00',1,'',NULL)
INSERT INTO [f_tools_keep_log] ([ID],[keeper],[occurDate],[toolId],[comment],[operator]) VALUES(2,'王仁龙','2007-12-2 0:00:00',2,'',NULL)
INSERT INTO [f_tools_keep_log] ([ID],[keeper],[occurDate],[toolId],[comment],[operator]) VALUES(3,'王仁龙','2007-12-2 0:00:00',3,'',NULL)
INSERT INTO [f_tools_keep_log] ([ID],[keeper],[occurDate],[toolId],[comment],[operator]) VALUES(4,'王仁龙','2007-12-2 0:00:00',4,'',NULL)
INSERT INTO [f_tools_keep_log] ([ID],[keeper],[occurDate],[toolId],[comment],[operator]) VALUES(5,'王仁龙','2007-12-2 0:00:00',5,'',NULL)
INSERT INTO [f_tools_keep_log] ([ID],[keeper],[occurDate],[toolId],[comment],[operator]) VALUES(6,'王仁龙','2007-12-2 0:00:00',6,'',NULL)
INSERT INTO [f_tools_keep_log] ([ID],[keeper],[occurDate],[toolId],[comment],[operator]) VALUES(7,'王仁龙','2007-12-2 0:00:00',7,'',NULL)
INSERT INTO [f_tools_keep_log] ([ID],[keeper],[occurDate],[toolId],[comment],[operator]) VALUES(8,'王仁龙','2007-12-2 0:00:00',8,'',NULL)
INSERT INTO [f_tools_keep_log] ([ID],[keeper],[occurDate],[toolId],[comment],[operator]) VALUES(9,'王仁龙','2007-12-2 0:00:00',9,'',NULL)
INSERT INTO [f_tools_keep_log] ([ID],[keeper],[occurDate],[toolId],[comment],[operator]) VALUES(10,'王仁龙','2007-12-2 0:00:00',13,'',NULL)
INSERT INTO [f_tools_keep_log] ([ID],[keeper],[occurDate],[toolId],[comment],[operator]) VALUES(11,'王仁龙','2007-12-2 0:00:00',15,'',NULL)
INSERT INTO [f_tools_keep_log] ([ID],[keeper],[occurDate],[toolId],[comment],[operator]) VALUES(12,'王仁龙','2007-12-2 0:00:00',16,'',NULL)
INSERT INTO [f_tools_keep_log] ([ID],[keeper],[occurDate],[toolId],[comment],[operator]) VALUES(13,'王仁龙','2007-12-2 0:00:00',17,'',NULL)
INSERT INTO [f_tools_keep_log] ([ID],[keeper],[occurDate],[toolId],[comment],[operator]) VALUES(14,'王仁龙','2007-12-2 0:00:00',23,'',NULL)
INSERT INTO [f_tools_keep_log] ([ID],[keeper],[occurDate],[toolId],[comment],[operator]) VALUES(15,'王仁龙','2007-12-2 0:00:00',25,'',NULL)
INSERT INTO [f_tools_keep_log] ([ID],[keeper],[occurDate],[toolId],[comment],[operator]) VALUES(16,'李兴','2009-5-3 0:00:00',26,'',NULL)
INSERT INTO [f_tools_keep_log] ([ID],[keeper],[occurDate],[toolId],[comment],[operator]) VALUES(17,'王仁龙','2007-12-2 0:00:00',10,'',NULL)
INSERT INTO [f_tools_keep_log] ([ID],[keeper],[occurDate],[toolId],[comment],[operator]) VALUES(18,'王仁龙','2007-12-2 0:00:00',11,'',NULL)
INSERT INTO [f_tools_keep_log] ([ID],[keeper],[occurDate],[toolId],[comment],[operator]) VALUES(19,'王仁龙','2007-12-2 0:00:00',12,'',NULL)
INSERT INTO [f_tools_keep_log] ([ID],[keeper],[occurDate],[toolId],[comment],[operator]) VALUES(20,'王仁龙','2007-12-2 0:00:00',14,'',NULL)
INSERT INTO [f_tools_keep_log] ([ID],[keeper],[occurDate],[toolId],[comment],[operator]) VALUES(21,'王仁龙','2007-12-2 0:00:00',18,'',NULL)
INSERT INTO [f_tools_keep_log] ([ID],[keeper],[occurDate],[toolId],[comment],[operator]) VALUES(22,'王仁龙','2007-12-2 0:00:00',19,'',NULL)
INSERT INTO [f_tools_keep_log] ([ID],[keeper],[occurDate],[toolId],[comment],[operator]) VALUES(23,'王仁龙','2007-12-2 0:00:00',20,'',NULL)
INSERT INTO [f_tools_keep_log] ([ID],[keeper],[occurDate],[toolId],[comment],[operator]) VALUES(24,'王仁龙','2007-12-2 0:00:00',21,'',NULL)
INSERT INTO [f_tools_keep_log] ([ID],[keeper],[occurDate],[toolId],[comment],[operator]) VALUES(25,'王仁龙','2007-12-2 0:00:00',22,'',NULL)
INSERT INTO [f_tools_keep_log] ([ID],[keeper],[occurDate],[toolId],[comment],[operator]) VALUES(26,'王仁龙','2007-12-2 0:00:00',24,'',NULL)
INSERT INTO [f_tools_keep_log] ([ID],[keeper],[occurDate],[toolId],[comment],[operator]) VALUES(27,'张留辉','2008-5-30 0:00:00',1,'',NULL)
INSERT INTO [f_tools_keep_log] ([ID],[keeper],[occurDate],[toolId],[comment],[operator]) VALUES(28,'张留辉','2008-5-30 0:00:00',2,'',NULL)
INSERT INTO [f_tools_keep_log] ([ID],[keeper],[occurDate],[toolId],[comment],[operator]) VALUES(29,'张留辉','2008-5-30 0:00:00',3,'',NULL)
INSERT INTO [f_tools_keep_log] ([ID],[keeper],[occurDate],[toolId],[comment],[operator]) VALUES(30,'张留辉','2008-5-30 0:00:00',4,'',NULL)
INSERT INTO [f_tools_keep_log] ([ID],[keeper],[occurDate],[toolId],[comment],[operator]) VALUES(31,'张留辉','2008-5-30 0:00:00',5,'',NULL)
INSERT INTO [f_tools_keep_log] ([ID],[keeper],[occurDate],[toolId],[comment],[operator]) VALUES(32,'张留辉','2008-5-30 0:00:00',6,'',NULL)
INSERT INTO [f_tools_keep_log] ([ID],[keeper],[occurDate],[toolId],[comment],[operator]) VALUES(33,'张留辉','2008-5-30 0:00:00',7,'',NULL)
INSERT INTO [f_tools_keep_log] ([ID],[keeper],[occurDate],[toolId],[comment],[operator]) VALUES(34,'张留辉','2008-5-30 0:00:00',8,'',NULL)
INSERT INTO [f_tools_keep_log] ([ID],[keeper],[occurDate],[toolId],[comment],[operator]) VALUES(35,'张留辉','2008-5-30 0:00:00',9,'',NULL)
INSERT INTO [f_tools_keep_log] ([ID],[keeper],[occurDate],[toolId],[comment],[operator]) VALUES(36,'张留辉','2008-5-30 0:00:00',13,'',NULL)
INSERT INTO [f_tools_keep_log] ([ID],[keeper],[occurDate],[toolId],[comment],[operator]) VALUES(37,'张留辉','2008-5-30 0:00:00',15,'',NULL)
INSERT INTO [f_tools_keep_log] ([ID],[keeper],[occurDate],[toolId],[comment],[operator]) VALUES(38,'张留辉','2008-5-30 0:00:00',16,'',NULL)
INSERT INTO [f_tools_keep_log] ([ID],[keeper],[occurDate],[toolId],[comment],[operator]) VALUES(39,'张留辉','2008-5-30 0:00:00',17,'',NULL)
INSERT INTO [f_tools_keep_log] ([ID],[keeper],[occurDate],[toolId],[comment],[operator]) VALUES(40,'张留辉','2008-5-30 0:00:00',23,'',NULL)
INSERT INTO [f_tools_keep_log] ([ID],[keeper],[occurDate],[toolId],[comment],[operator]) VALUES(41,'张留辉','2008-5-30 0:00:00',10,'',NULL)
INSERT INTO [f_tools_keep_log] ([ID],[keeper],[occurDate],[toolId],[comment],[operator]) VALUES(42,'张留辉','2008-5-30 0:00:00',11,'',NULL)
INSERT INTO [f_tools_keep_log] ([ID],[keeper],[occurDate],[toolId],[comment],[operator]) VALUES(43,'张留辉','2008-5-30 0:00:00',12,'',NULL)
INSERT INTO [f_tools_keep_log] ([ID],[keeper],[occurDate],[toolId],[comment],[operator]) VALUES(44,'张留辉','2008-5-30 0:00:00',14,'',NULL)
INSERT INTO [f_tools_keep_log] ([ID],[keeper],[occurDate],[toolId],[comment],[operator]) VALUES(45,'张留辉','2008-5-30 0:00:00',18,'',NULL)
INSERT INTO [f_tools_keep_log] ([ID],[keeper],[occurDate],[toolId],[comment],[operator]) VALUES(46,'张留辉','2008-5-30 0:00:00',19,'',NULL)
INSERT INTO [f_tools_keep_log] ([ID],[keeper],[occurDate],[toolId],[comment],[operator]) VALUES(47,'张留辉','2008-5-30 0:00:00',20,'',NULL)
INSERT INTO [f_tools_keep_log] ([ID],[keeper],[occurDate],[toolId],[comment],[operator]) VALUES(48,'张留辉','2008-5-30 0:00:00',21,'',NULL)
INSERT INTO [f_tools_keep_log] ([ID],[keeper],[occurDate],[toolId],[comment],[operator]) VALUES(49,'张留辉','2008-5-30 0:00:00',22,'',NULL)
INSERT INTO [f_tools_keep_log] ([ID],[keeper],[occurDate],[toolId],[comment],[operator]) VALUES(50,'张留辉','2008-5-30 0:00:00',24,'',NULL)
INSERT INTO [f_tools_keep_log] ([ID],[keeper],[occurDate],[toolId],[comment],[operator]) VALUES(51,'李兴','2009-5-3 0:00:00',1,'',NULL)
INSERT INTO [f_tools_keep_log] ([ID],[keeper],[occurDate],[toolId],[comment],[operator]) VALUES(52,'李兴','2009-5-3 0:00:00',2,'',NULL)
INSERT INTO [f_tools_keep_log] ([ID],[keeper],[occurDate],[toolId],[comment],[operator]) VALUES(53,'李兴','2009-5-3 0:00:00',3,'',NULL)
INSERT INTO [f_tools_keep_log] ([ID],[keeper],[occurDate],[toolId],[comment],[operator]) VALUES(54,'李兴','2009-5-3 0:00:00',4,'',NULL)
INSERT INTO [f_tools_keep_log] ([ID],[keeper],[occurDate],[toolId],[comment],[operator]) VALUES(55,'李兴','2009-5-3 0:00:00',5,'',NULL)
INSERT INTO [f_tools_keep_log] ([ID],[keeper],[occurDate],[toolId],[comment],[operator]) VALUES(56,'李兴','2009-5-3 0:00:00',6,'',NULL)
INSERT INTO [f_tools_keep_log] ([ID],[keeper],[occurDate],[toolId],[comment],[operator]) VALUES(57,'李兴','2009-5-3 0:00:00',7,'',NULL)
INSERT INTO [f_tools_keep_log] ([ID],[keeper],[occurDate],[toolId],[comment],[operator]) VALUES(58,'李兴','2009-5-3 0:00:00',8,'',NULL)
INSERT INTO [f_tools_keep_log] ([ID],[keeper],[occurDate],[toolId],[comment],[operator]) VALUES(59,'李兴','2009-5-3 0:00:00',9,'',NULL)
INSERT INTO [f_tools_keep_log] ([ID],[keeper],[occurDate],[toolId],[comment],[operator]) VALUES(60,'李兴','2009-5-3 0:00:00',13,'',NULL)
INSERT INTO [f_tools_keep_log] ([ID],[keeper],[occurDate],[toolId],[comment],[operator]) VALUES(61,'李兴','2009-5-3 0:00:00',15,'',NULL)
INSERT INTO [f_tools_keep_log] ([ID],[keeper],[occurDate],[toolId],[comment],[operator]) VALUES(62,'李兴','2009-5-3 0:00:00',16,'',NULL)
INSERT INTO [f_tools_keep_log] ([ID],[keeper],[occurDate],[toolId],[comment],[operator]) VALUES(63,'李兴','2009-5-3 0:00:00',17,'',NULL)
INSERT INTO [f_tools_keep_log] ([ID],[keeper],[occurDate],[toolId],[comment],[operator]) VALUES(64,'李兴','2009-5-3 0:00:00',23,'',NULL)
INSERT INTO [f_tools_keep_log] ([ID],[keeper],[occurDate],[toolId],[comment],[operator]) VALUES(65,'李兴','2009-5-3 0:00:00',10,'',NULL)
INSERT INTO [f_tools_keep_log] ([ID],[keeper],[occurDate],[toolId],[comment],[operator]) VALUES(66,'李兴','2009-5-3 0:00:00',11,'',NULL)
INSERT INTO [f_tools_keep_log] ([ID],[keeper],[occurDate],[toolId],[comment],[operator]) VALUES(67,'李兴','2009-5-3 0:00:00',12,'',NULL)
INSERT INTO [f_tools_keep_log] ([ID],[keeper],[occurDate],[toolId],[comment],[operator]) VALUES(68,'李兴','2009-5-3 0:00:00',14,'',NULL)
INSERT INTO [f_tools_keep_log] ([ID],[keeper],[occurDate],[toolId],[comment],[operator]) VALUES(73,'李兴','2009-5-3 0:00:00',22,'',NULL)
INSERT INTO [f_tools_keep_log] ([ID],[keeper],[occurDate],[toolId],[comment],[operator]) VALUES(74,'李兴','2009-5-3 0:00:00',24,'',NULL)
INSERT INTO [f_tools_keep_log] ([ID],[keeper],[occurDate],[toolId],[comment],[operator]) VALUES(69,'李兴','2009-5-3 0:00:00',18,'',NULL)
INSERT INTO [f_tools_keep_log] ([ID],[keeper],[occurDate],[toolId],[comment],[operator]) VALUES(70,'李兴','2009-5-3 0:00:00',19,'',NULL)
INSERT INTO [f_tools_keep_log] ([ID],[keeper],[occurDate],[toolId],[comment],[operator]) VALUES(71,'李兴','2009-5-3 0:00:00',20,'',NULL)
INSERT INTO [f_tools_keep_log] ([ID],[keeper],[occurDate],[toolId],[comment],[operator]) VALUES(72,'李兴','2009-5-3 0:00:00',21,'',NULL)
SET IDENTITY_INSERT [f_tools_keep_log] OFF

Print 'starting import f_tyres (14 records)'
SET IDENTITY_INSERT [f_tyres] ON
INSERT INTO [f_tyres] ([tyreId],[tyreNo],[tyreName],[vehicleID],[state],[comment],[installDate],[installDistanceRec],[usedPeriod],[disposeDate],[disposeDistanceRec],[usedDistance],[price],[operator],[yearMonth]) VALUES(1,'NDS74922','韩泰',55,NULL,'','2007-11-15 0:00:00',3453,7,'2008-6-22 0:00:00',75268,71815,2250,NULL,'200711    ')
INSERT INTO [f_tyres] ([tyreId],[tyreNo],[tyreName],[vehicleID],[state],[comment],[installDate],[installDistanceRec],[usedPeriod],[disposeDate],[disposeDistanceRec],[usedDistance],[price],[operator],[yearMonth]) VALUES(2,'NSD74252','韩泰',55,NULL,'','2007-11-15 0:00:00',3453,8,'2008-7-3 0:00:00',79124,75671,2250,NULL,'200711    ')
INSERT INTO [f_tyres] ([tyreId],[tyreNo],[tyreName],[vehicleID],[state],[comment],[installDate],[installDistanceRec],[usedPeriod],[disposeDate],[disposeDistanceRec],[usedDistance],[price],[operator],[yearMonth]) VALUES(3,'NSD74272','韩泰',55,NULL,'','2007-11-15 0:00:00',3453,9,'2008-8-11 0:00:00',90308,86855,2250,NULL,'200711    ')
INSERT INTO [f_tyres] ([tyreId],[tyreNo],[tyreName],[vehicleID],[state],[comment],[installDate],[installDistanceRec],[usedPeriod],[disposeDate],[disposeDistanceRec],[usedDistance],[price],[operator],[yearMonth]) VALUES(4,'NSD76152','韩泰',55,NULL,'','2007-11-15 0:00:00',3453,16,'2009-3-5 0:00:00',136316,132863,2250,NULL,'200711    ')
INSERT INTO [f_tyres] ([tyreId],[tyreNo],[tyreName],[vehicleID],[state],[comment],[installDate],[installDistanceRec],[usedPeriod],[disposeDate],[disposeDistanceRec],[usedDistance],[price],[operator],[yearMonth]) VALUES(5,'NSD75142','韩泰',55,NULL,'','2007-11-15 0:00:00',3453,3,'2008-2-11 0:00:00',26755,23302,2250,NULL,'200711    ')
INSERT INTO [f_tyres] ([tyreId],[tyreNo],[tyreName],[vehicleID],[state],[comment],[installDate],[installDistanceRec],[usedPeriod],[disposeDate],[disposeDistanceRec],[usedDistance],[price],[operator],[yearMonth]) VALUES(6,'NSA73052','韩泰',55,NULL,'','2007-11-15 0:00:00',3453,3,'2008-2-11 0:00:00',218116,214663,2250,NULL,'200711    ')
INSERT INTO [f_tyres] ([tyreId],[tyreNo],[tyreName],[vehicleID],[state],[comment],[installDate],[installDistanceRec],[usedPeriod],[disposeDate],[disposeDistanceRec],[usedDistance],[price],[operator],[yearMonth]) VALUES(7,'NSA72982','韩泰',55,NULL,'','2007-11-15 0:00:00',3453,8,'2008-7-26 0:00:00',87031,83578,2250,NULL,'200711    ')
INSERT INTO [f_tyres] ([tyreId],[tyreNo],[tyreName],[vehicleID],[state],[comment],[installDate],[installDistanceRec],[usedPeriod],[disposeDate],[disposeDistanceRec],[usedDistance],[price],[operator],[yearMonth]) VALUES(8,'NSA72942','韩泰',55,NULL,'','2007-11-15 0:00:00',3453,8,'2008-7-20 0:00:00',84057,80604,2250,NULL,'200711    ')
INSERT INTO [f_tyres] ([tyreId],[tyreNo],[tyreName],[vehicleID],[state],[comment],[installDate],[installDistanceRec],[usedPeriod],[disposeDate],[disposeDistanceRec],[usedDistance],[price],[operator],[yearMonth]) VALUES(9,'NSE70542','韩泰',55,NULL,'','2007-11-15 0:00:00',3453,8,'2008-7-20 0:00:00',84057,80604,2250,NULL,'200711    ')
INSERT INTO [f_tyres] ([tyreId],[tyreNo],[tyreName],[vehicleID],[state],[comment],[installDate],[installDistanceRec],[usedPeriod],[disposeDate],[disposeDistanceRec],[usedDistance],[price],[operator],[yearMonth]) VALUES(10,'NSE71192','韩泰',55,NULL,'','2007-11-15 0:00:00',3453,8,'2008-7-26 0:00:00',87031,83578,2250,NULL,'200711    ')
INSERT INTO [f_tyres] ([tyreId],[tyreNo],[tyreName],[vehicleID],[state],[comment],[installDate],[installDistanceRec],[usedPeriod],[disposeDate],[disposeDistanceRec],[usedDistance],[price],[operator],[yearMonth]) VALUES(11,'NSE71012','韩泰',55,NULL,'','2007-11-15 0:00:00',3453,NULL,NULL,NULL,NULL,2250,NULL,'200711    ')
INSERT INTO [f_tyres] ([tyreId],[tyreNo],[tyreName],[vehicleID],[state],[comment],[installDate],[installDistanceRec],[usedPeriod],[disposeDate],[disposeDistanceRec],[usedDistance],[price],[operator],[yearMonth]) VALUES(12,'LSC70482','韩泰',55,NULL,'','2007-11-15 0:00:00',3453,16,'2009-3-5 0:00:00',136361,132908,2250,NULL,'200711    ')
INSERT INTO [f_tyres] ([tyreId],[tyreNo],[tyreName],[vehicleID],[state],[comment],[installDate],[installDistanceRec],[usedPeriod],[disposeDate],[disposeDistanceRec],[usedDistance],[price],[operator],[yearMonth]) VALUES(13,'LSB76702','韩泰',55,NULL,'','2007-11-15 0:00:00',3453,3,'2008-2-1 0:00:00',97708,94255,2250,NULL,'200711    ')
INSERT INTO [f_tyres] ([tyreId],[tyreNo],[tyreName],[vehicleID],[state],[comment],[installDate],[installDistanceRec],[usedPeriod],[disposeDate],[disposeDistanceRec],[usedDistance],[price],[operator],[yearMonth]) VALUES(14,'P5N72710','韩泰',55,NULL,'','2008-2-1 0:00:00',26755,13,'2009-3-3 0:00:00',135695,108940,2250,NULL,'200802    ')
SET IDENTITY_INSERT [f_tyres] OFF

Print 'starting import f_user (1 records)'
SET IDENTITY_INSERT [f_user] ON
INSERT INTO [f_user] ([userID],[loginName],[passwd],[realName],[description],[registerDate],[lastLoginDate],[lastLoginIP],[userState],[tel],[organizationID]) VALUES(1,'admin','222222','台帐管理员','台帐管理员','2009-5-28 0:00:00','2010-5-28 21:58:14','127.0.0.1',1,NULL,NULL)
SET IDENTITY_INSERT [f_user] OFF

Print 'starting import f_vehicle_basic (28 records)'
SET IDENTITY_INSERT [f_vehicle_basic] ON
INSERT INTO [f_vehicle_basic] ([ID],[vehicleID],[feeName],[feeState],[feeExpireDate],[amount],[comment]) VALUES(1,15,'总资产',NULL,NULL,500000,NULL)
INSERT INTO [f_vehicle_basic] ([ID],[vehicleID],[feeName],[feeState],[feeExpireDate],[amount],[comment]) VALUES(2,15,'车款',NULL,NULL,342800,NULL)
INSERT INTO [f_vehicle_basic] ([ID],[vehicleID],[feeName],[feeState],[feeExpireDate],[amount],[comment]) VALUES(3,15,'购置税',NULL,NULL,32307,NULL)
INSERT INTO [f_vehicle_basic] ([ID],[vehicleID],[feeName],[feeState],[feeExpireDate],[amount],[comment]) VALUES(4,15,'初始保险',NULL,'2008-11-30 0:00:00',20843.78,NULL)
INSERT INTO [f_vehicle_basic] ([ID],[vehicleID],[feeName],[feeState],[feeExpireDate],[amount],[comment]) VALUES(5,15,'初始意外险',NULL,'2008-11-30 0:00:00',1440,NULL)
INSERT INTO [f_vehicle_basic] ([ID],[vehicleID],[feeName],[feeState],[feeExpireDate],[amount],[comment]) VALUES(6,15,'GPS设备安装费',NULL,NULL,3500,NULL)
INSERT INTO [f_vehicle_basic] ([ID],[vehicleID],[feeName],[feeState],[feeExpireDate],[amount],[comment]) VALUES(7,15,'灯牌费',NULL,NULL,300,NULL)
INSERT INTO [f_vehicle_basic] ([ID],[vehicleID],[feeName],[feeState],[feeExpireDate],[amount],[comment]) VALUES(8,15,'水箱费',NULL,NULL,1550,NULL)
INSERT INTO [f_vehicle_basic] ([ID],[vehicleID],[feeName],[feeState],[feeExpireDate],[amount],[comment]) VALUES(9,15,'轮胎费',NULL,NULL,20540,NULL)
INSERT INTO [f_vehicle_basic] ([ID],[vehicleID],[feeName],[feeState],[feeExpireDate],[amount],[comment]) VALUES(10,15,'初始罐检费',NULL,'2008-11-30 0:00:00',1190,NULL)
INSERT INTO [f_vehicle_basic] ([ID],[vehicleID],[feeName],[feeState],[feeExpireDate],[amount],[comment]) VALUES(11,15,'落户费',NULL,NULL,350,NULL)
INSERT INTO [f_vehicle_basic] ([ID],[vehicleID],[feeName],[feeState],[feeExpireDate],[amount],[comment]) VALUES(12,15,'营管费',NULL,'2007-12-31 0:00:00',540,NULL)
INSERT INTO [f_vehicle_basic] ([ID],[vehicleID],[feeName],[feeState],[feeExpireDate],[amount],[comment]) VALUES(13,15,'初始养路费',NULL,'2007-12-31 0:00:00',5948.64,NULL)
INSERT INTO [f_vehicle_basic] ([ID],[vehicleID],[feeName],[feeState],[feeExpireDate],[amount],[comment]) VALUES(14,15,'备注',NULL,NULL,NULL,NULL)
INSERT INTO [f_vehicle_basic] ([ID],[vehicleID],[feeName],[feeState],[feeExpireDate],[amount],[comment]) VALUES(15,55,'总资产',NULL,NULL,500000,NULL)
INSERT INTO [f_vehicle_basic] ([ID],[vehicleID],[feeName],[feeState],[feeExpireDate],[amount],[comment]) VALUES(16,55,'车款',NULL,NULL,342800,NULL)
INSERT INTO [f_vehicle_basic] ([ID],[vehicleID],[feeName],[feeState],[feeExpireDate],[amount],[comment]) VALUES(17,55,'购置税',NULL,NULL,32307,NULL)
INSERT INTO [f_vehicle_basic] ([ID],[vehicleID],[feeName],[feeState],[feeExpireDate],[amount],[comment]) VALUES(18,55,'初始保险',NULL,'2008-11-30 0:00:00',20843.78,NULL)
INSERT INTO [f_vehicle_basic] ([ID],[vehicleID],[feeName],[feeState],[feeExpireDate],[amount],[comment]) VALUES(19,55,'初始意外险',NULL,'2008-11-30 0:00:00',1440,NULL)
INSERT INTO [f_vehicle_basic] ([ID],[vehicleID],[feeName],[feeState],[feeExpireDate],[amount],[comment]) VALUES(20,55,'GPS设备安装费',NULL,NULL,3500,NULL)
INSERT INTO [f_vehicle_basic] ([ID],[vehicleID],[feeName],[feeState],[feeExpireDate],[amount],[comment]) VALUES(21,55,'灯牌费',NULL,NULL,300,NULL)
INSERT INTO [f_vehicle_basic] ([ID],[vehicleID],[feeName],[feeState],[feeExpireDate],[amount],[comment]) VALUES(22,55,'水箱费',NULL,NULL,1550,NULL)
INSERT INTO [f_vehicle_basic] ([ID],[vehicleID],[feeName],[feeState],[feeExpireDate],[amount],[comment]) VALUES(23,55,'轮胎费',NULL,NULL,20540,NULL)
INSERT INTO [f_vehicle_basic] ([ID],[vehicleID],[feeName],[feeState],[feeExpireDate],[amount],[comment]) VALUES(24,55,'初始罐检费',NULL,'2008-11-30 0:00:00',1190,NULL)
INSERT INTO [f_vehicle_basic] ([ID],[vehicleID],[feeName],[feeState],[feeExpireDate],[amount],[comment]) VALUES(25,55,'落户费',NULL,NULL,350,NULL)
INSERT INTO [f_vehicle_basic] ([ID],[vehicleID],[feeName],[feeState],[feeExpireDate],[amount],[comment]) VALUES(26,55,'营管费',NULL,'2007-12-31 0:00:00',540,NULL)
INSERT INTO [f_vehicle_basic] ([ID],[vehicleID],[feeName],[feeState],[feeExpireDate],[amount],[comment]) VALUES(27,55,'初始养路费',NULL,'2007-12-31 0:00:00',5948.64,NULL)
INSERT INTO [f_vehicle_basic] ([ID],[vehicleID],[feeName],[feeState],[feeExpireDate],[amount],[comment]) VALUES(28,55,'备注',NULL,NULL,NULL,NULL)
SET IDENTITY_INSERT [f_vehicle_basic] OFF

Print 'transaction finished'
COMMIT TRANSACTION SUN_DATA_IMPORT_TRANS
GO
